use bd_mpb;

-- distrito (43)
insert into distrito (nombre) values ('LIMA');
insert into distrito (nombre) values ('ANCÓN');
insert into distrito (nombre) values ('ATE');
insert into distrito (nombre) values ('BARRANCO');
insert into distrito (nombre) values ('BREÑA');
insert into distrito (nombre) values ('CARABAYLLO');
insert into distrito (nombre) values ('CHACLACAYO');
insert into distrito (nombre) values ('CHORRILLOS');
insert into distrito (nombre) values ('CIENEGUILLA');
insert into distrito (nombre) values ('COMAS');
insert into distrito (nombre) values ('EL AGUSTINO');
insert into distrito (nombre) values ('INDEPENDENCIA');
insert into distrito (nombre) values ('JESÚS MARÍA');
insert into distrito (nombre) values ('LA MOLINA');
insert into distrito (nombre) values ('LA VICTORIA');
insert into distrito (nombre) values ('LINCE');
insert into distrito (nombre) values ('LOS OLIVOS');
insert into distrito (nombre) values ('LURIGANCHO');
insert into distrito (nombre) values ('LURÍN');
insert into distrito (nombre) values ('MAGDALENA DEL MAR');
insert into distrito (nombre) values ('PUEBLO LIBRE');
insert into distrito (nombre) values ('MIRAFLORES');
insert into distrito (nombre) values ('PACHACAMAC');
insert into distrito (nombre) values ('PUCUSANA');
insert into distrito (nombre) values ('PUENTE PIEDRA');
insert into distrito (nombre) values ('PUNTA HERMOSA');
insert into distrito (nombre) values ('PUNTA NEGRA');
insert into distrito (nombre) values ('RÍMAC');
insert into distrito (nombre) values ('SAN BARTOLO');
insert into distrito (nombre) values ('SAN BORJA');
insert into distrito (nombre) values ('SAN ISIDRO');
insert into distrito (nombre) values ('SAN JUAN DE LURIGANCHO');
insert into distrito (nombre) values ('SAN JUAN DE MIRAFLORES');
insert into distrito (nombre) values ('SAN LUIS');
insert into distrito (nombre) values ('SAN MARTÍN DE PORRES');
insert into distrito (nombre) values ('SAN MIGUEL');
insert into distrito (nombre) values ('SANTA ANITA');
insert into distrito (nombre) values ('SANTA MARÍA DEL MAR');
insert into distrito (nombre) values ('SANTA ROSA');
insert into distrito (nombre) values ('SANTIAGO DE SURCO');
insert into distrito (nombre) values ('SURQUILLO');
insert into distrito (nombre) values ('VILLA EL SALVADOR');
insert into distrito (nombre) values ('VILLA MARÍA DEL TRIUNFO');

-- apoderado (36)
insert into estudiante (id_estudiante, nombres, apellidos, dni, fecha_nacimiento, id_apoderado, celular, correo, id_distrito, direccion, pass, id_matricula) values (1, 'Liv', 'Baldam', 88820509, '2010-02-23', 14, 976115072, 'lbaldam0@homestead.com', 15, '81 Sachs Court', 123, 1);
insert into estudiante (id_estudiante, nombres, apellidos, dni, fecha_nacimiento, id_apoderado, celular, correo, id_distrito, direccion, pass, id_matricula) values (2, 'Karilynn', 'Worsnip', 88128591, '2013-02-22', 11, 972363024, 'kworsnip1@cbslocal.com', 40, '3 Sherman Court', 123, 2);
insert into estudiante (id_estudiante, nombres, apellidos, dni, fecha_nacimiento, id_apoderado, celular, correo, id_distrito, direccion, pass, id_matricula) values (3, 'Alexia', 'Hartgill', 83641472, '2010-10-26', 14, 980551293, 'ahartgill2@usda.gov', 32, '16 Mifflin Terrace', 123, 3);
insert into estudiante (id_estudiante, nombres, apellidos, dni, fecha_nacimiento, id_apoderado, celular, correo, id_distrito, direccion, pass, id_matricula) values (4, 'Eddie', 'Bruineman', 96138618, '2012-11-28', 4, 955823953, 'ebruineman3@cmu.edu', 36, '23334 Eliot Drive', 123, 4);
insert into estudiante (id_estudiante, nombres, apellidos, dni, fecha_nacimiento, id_apoderado, celular, correo, id_distrito, direccion, pass, id_matricula) values (5, 'Cristal', 'Alliker', 83671876, '2015-07-01', 15, 983723988, 'calliker4@unicef.org', 23, '5 Moland Terrace', 123, 5);
insert into estudiante (id_estudiante, nombres, apellidos, dni, fecha_nacimiento, id_apoderado, celular, correo, id_distrito, direccion, pass, id_matricula) values (6, 'Agretha', 'Curd', 81632702, '2011-08-23', 5, 981788529, 'acurd5@cloudflare.com', 9, '36972 Dexter Center', 123, 6);
insert into estudiante (id_estudiante, nombres, apellidos, dni, fecha_nacimiento, id_apoderado, celular, correo, id_distrito, direccion, pass, id_matricula) values (7, 'Sari', 'Volkes', 92633203, '2015-08-25', 10, 954736767, 'svolkes6@shutterfly.com', 28, '15682 Corry Point', 123, 7);
insert into estudiante (id_estudiante, nombres, apellidos, dni, fecha_nacimiento, id_apoderado, celular, correo, id_distrito, direccion, pass, id_matricula) values (8, 'Bettina', 'Lewzey', 93311846, '2015-06-10', 11, 966494769, 'blewzey7@marketwatch.com', 29, '2 Leroy Point', 123, 8);
insert into estudiante (id_estudiante, nombres, apellidos, dni, fecha_nacimiento, id_apoderado, celular, correo, id_distrito, direccion, pass, id_matricula) values (9, 'Franciska', 'Poag', 94083264, '2014-09-09', 7, 951848316, 'fpoag8@goodreads.com', 26, '6218 Bunker Hill Junction', 123, 9);
insert into estudiante (id_estudiante, nombres, apellidos, dni, fecha_nacimiento, id_apoderado, celular, correo, id_distrito, direccion, pass, id_matricula) values (10, 'Kristen', 'Pughsley', 80442490, '2012-05-26', 17, 961457393, 'kpughsley9@vkontakte.ru', 17, '5 Burning Wood Terrace', 123, 10);
insert into estudiante (id_estudiante, nombres, apellidos, dni, fecha_nacimiento, id_apoderado, celular, correo, id_distrito, direccion, pass, id_matricula) values (11, 'Lilah', 'Blacklawe', 90021169, '2011-06-17', 20, 978600088, 'lblacklawea@gravatar.com', 41, '5656 Dahle Circle', 123, 11);
insert into estudiante (id_estudiante, nombres, apellidos, dni, fecha_nacimiento, id_apoderado, celular, correo, id_distrito, direccion, pass, id_matricula) values (12, 'Nerissa', 'Cisland', 94341369, '2017-01-06', 11, 955420999, 'ncislandb@webmd.com', 39, '7 Nevada Circle', 123, 12);
insert into estudiante (id_estudiante, nombres, apellidos, dni, fecha_nacimiento, id_apoderado, celular, correo, id_distrito, direccion, pass, id_matricula) values (13, 'Hana', 'Delieu', 86420410, '2016-07-11', 18, 953727476, 'hdelieuc@instagram.com', 21, '1142 Westport Road', 123, 13);
insert into estudiante (id_estudiante, nombres, apellidos, dni, fecha_nacimiento, id_apoderado, celular, correo, id_distrito, direccion, pass, id_matricula) values (14, 'Rosie', 'Paeckmeyer', 85974343, '2011-01-04', 7, 983443304, 'rpaeckmeyerd@blinklist.com', 8, '88793 Hermina Hill', 123, 14);
insert into estudiante (id_estudiante, nombres, apellidos, dni, fecha_nacimiento, id_apoderado, celular, correo, id_distrito, direccion, pass, id_matricula) values (15, 'Lacee', 'Kimmel', 97036404, '2011-04-27', 20, 971379758, 'lkimmele@adobe.com', 26, '27075 Sundown Plaza', 123, 15);
insert into estudiante (id_estudiante, nombres, apellidos, dni, fecha_nacimiento, id_apoderado, celular, correo, id_distrito, direccion, pass, id_matricula) values (16, 'Nicolle', 'Rubica', 90550637, '2011-06-11', 2, 987938986, 'nrubicaf@google.ca', 3, '4 Lyons Lane', 123, 16);
insert into estudiante (id_estudiante, nombres, apellidos, dni, fecha_nacimiento, id_apoderado, celular, correo, id_distrito, direccion, pass, id_matricula) values (17, 'Glyn', 'Lovart', 82432423, '2010-09-12', 5, 987207516, 'glovartg@scientificamerican.com', 37, '2 Service Park', 123, 17);
insert into estudiante (id_estudiante, nombres, apellidos, dni, fecha_nacimiento, id_apoderado, celular, correo, id_distrito, direccion, pass, id_matricula) values (18, 'Ingunna', 'Eisikowitz', 96005445, '2012-11-30', 17, 994473983, 'ieisikowitzh@topsy.com', 27, '4 Scofield Street', 123, 18);
insert into estudiante (id_estudiante, nombres, apellidos, dni, fecha_nacimiento, id_apoderado, celular, correo, id_distrito, direccion, pass, id_matricula) values (19, 'Susi', 'Schimaschke', 82935576, '2011-04-02', 18, 959515226, 'sschimaschkei@nymag.com', 2, '25 Portage Trail', 123, 19);
insert into estudiante (id_estudiante, nombres, apellidos, dni, fecha_nacimiento, id_apoderado, celular, correo, id_distrito, direccion, pass, id_matricula) values (20, 'Daisi', 'Grinyer', 81653047, '2017-01-29', 2, 993863021, 'dgrinyerj@house.gov', 6, '258 Drewry Terrace', 123, 20);
insert into estudiante (id_estudiante, nombres, apellidos, dni, fecha_nacimiento, id_apoderado, celular, correo, id_distrito, direccion, pass, id_matricula) values (21, 'Katti', 'Drewes', 94840059, '2012-10-31', 6, 957778387, 'kdrewesk@cnet.com', 10, '625 Grover Pass', 123, 21);
insert into estudiante (id_estudiante, nombres, apellidos, dni, fecha_nacimiento, id_apoderado, celular, correo, id_distrito, direccion, pass, id_matricula) values (22, 'Cloris', 'Willeman', 84525951, '2011-10-19', 14, 956082125, 'cwillemanl@google.com', 32, '08 Tony Place', 123, 22);
insert into estudiante (id_estudiante, nombres, apellidos, dni, fecha_nacimiento, id_apoderado, celular, correo, id_distrito, direccion, pass, id_matricula) values (23, 'Pierette', 'Fowlston', 87801242, '2012-07-14', 19, 999477678, 'pfowlstonm@tinyurl.com', 42, '6631 Toban Center', 123, 23);
insert into estudiante (id_estudiante, nombres, apellidos, dni, fecha_nacimiento, id_apoderado, celular, correo, id_distrito, direccion, pass, id_matricula) values (24, 'Maddie', 'Axtens', 89777861, '2012-11-10', 1, 988016417, 'maxtensn@cnet.com', 41, '8885 Merchant Terrace', 123, 24);
insert into estudiante (id_estudiante, nombres, apellidos, dni, fecha_nacimiento, id_apoderado, celular, correo, id_distrito, direccion, pass, id_matricula) values (25, 'Norina', 'Domesday', 97336553, '2016-03-19', 19, 971774945, 'ndomesdayo@rambler.ru', 9, '72385 Westend Crossing', 123, 25);
insert into estudiante (id_estudiante, nombres, apellidos, dni, fecha_nacimiento, id_apoderado, celular, correo, id_distrito, direccion, pass, id_matricula) values (26, 'Sasha', 'McEnteggart', 80027384, '2011-12-24', 14, 959668350, 'smcenteggartp@huffingtonpost.com', 34, '970 Loeprich Street', 123, 26);
insert into estudiante (id_estudiante, nombres, apellidos, dni, fecha_nacimiento, id_apoderado, celular, correo, id_distrito, direccion, pass, id_matricula) values (27, 'Malina', 'McDiarmid', 88373076, '2014-07-18', 11, 989987171, 'mmcdiarmidq@mit.edu', 5, '63 Thierer Point', 123, 27);
insert into estudiante (id_estudiante, nombres, apellidos, dni, fecha_nacimiento, id_apoderado, celular, correo, id_distrito, direccion, pass, id_matricula) values (28, 'Aurie', 'Chandler', 92936611, '2012-02-07', 14, 952232316, 'achandlerr@alexa.com', 21, '8604 Spenser Center', 123, 28);
insert into estudiante (id_estudiante, nombres, apellidos, dni, fecha_nacimiento, id_apoderado, celular, correo, id_distrito, direccion, pass, id_matricula) values (29, 'Em', 'Svanetti', 94552271, '2015-05-30', 1, 980099247, 'esvanettis@hao123.com', 11, '2774 Larry Pass', 123, 29);
insert into estudiante (id_estudiante, nombres, apellidos, dni, fecha_nacimiento, id_apoderado, celular, correo, id_distrito, direccion, pass, id_matricula) values (30, 'Tomasine', 'MacMenamy', 93688616, '2015-11-13', 2, 986117762, 'tmacmenamyt@live.com', 31, '5 Pond Lane', 123, 30);
insert into estudiante (id_estudiante, nombres, apellidos, dni, fecha_nacimiento, id_apoderado, celular, correo, id_distrito, direccion, pass, id_matricula) values (31, 'Melisse', 'Bridgland', 99617981, '2012-08-18', 16, 983327092, 'mbridglandu@psu.edu', 9, '11139 Oak Street', 123, 31);
insert into estudiante (id_estudiante, nombres, apellidos, dni, fecha_nacimiento, id_apoderado, celular, correo, id_distrito, direccion, pass, id_matricula) values (32, 'Eileen', 'Asquith', 83543056, '2010-03-19', 9, 964033388, 'easquithv@cornell.edu', 37, '62 Badeau Hill', 123, 32);
insert into estudiante (id_estudiante, nombres, apellidos, dni, fecha_nacimiento, id_apoderado, celular, correo, id_distrito, direccion, pass, id_matricula) values (33, 'Hope', 'Ivashov', 81134501, '2017-10-04', 16, 960629095, 'hivashovw@exblog.jp', 21, '988 4th Crossing', 123, 33);
insert into estudiante (id_estudiante, nombres, apellidos, dni, fecha_nacimiento, id_apoderado, celular, correo, id_distrito, direccion, pass, id_matricula) values (34, 'Brande', 'Hearty', 84497534, '2016-07-17', 13, 965872924, 'bheartyx@spiegel.de', 25, '5581 Pepper Wood Pass', 123, 34);
insert into estudiante (id_estudiante, nombres, apellidos, dni, fecha_nacimiento, id_apoderado, celular, correo, id_distrito, direccion, pass, id_matricula) values (35, 'Lise', 'Myall', 80306363, '2015-05-03', 7, 994217279, 'lmyally@hao123.com', 36, '53551 Novick Street', 123, 35);
insert into estudiante (id_estudiante, nombres, apellidos, dni, fecha_nacimiento, id_apoderado, celular, correo, id_distrito, direccion, pass, id_matricula) values (36, 'Leontine', 'Siddle', 96211022, '2016-01-24', 10, 985275744, 'lsiddlez@noaa.gov', 2, '8796 Esch Way', 123, 36);

-- nivel (3)
insert into nivel (nombre) values ('inicial');
insert into nivel (nombre) values ('primaria');
insert into nivel (nombre) values ('secundaria');

-- grado (36)
	-- inicial (3)
	insert into grado (nombre, id_nivel) values ('3 años', 1);
	insert into grado (nombre, id_nivel) values ('4 años', 1);
	insert into grado (nombre, id_nivel) values ('5 años', 1);
    -- primaria (15)
		-- A 
		insert into grado (nombre, id_nivel) values ('1ro', 2);
		insert into grado (nombre, id_nivel) values ('2do', 2);
		insert into grado (nombre, id_nivel) values ('3ro', 2);
		insert into grado (nombre, id_nivel) values ('4to', 2);
		insert into grado (nombre, id_nivel) values ('5to', 2);
		-- B
		insert into grado (nombre, id_nivel) values ('1ro', 2);
		insert into grado (nombre, id_nivel) values ('2do', 2);
		insert into grado (nombre, id_nivel) values ('3ro', 2);
		insert into grado (nombre, id_nivel) values ('4to', 2);
		insert into grado (nombre, id_nivel) values ('5to', 2);
		-- C
		insert into grado (nombre, id_nivel) values ('1ro', 2);
		insert into grado (nombre, id_nivel) values ('2do', 2);
		insert into grado (nombre, id_nivel) values ('3ro', 2);
		insert into grado (nombre, id_nivel) values ('4to', 2);
		insert into grado (nombre, id_nivel) values ('5to', 2);
    -- secundaria (15)
		-- A
		insert into grado (nombre, id_nivel) values ('1ro', 3);
		insert into grado (nombre, id_nivel) values ('2do', 3);
		insert into grado (nombre, id_nivel) values ('3ro', 3);
		insert into grado (nombre, id_nivel) values ('4to', 3);
		insert into grado (nombre, id_nivel) values ('5to', 3);
		insert into grado (nombre, id_nivel) values ('6to', 3);
        -- B
		insert into grado (nombre, id_nivel) values ('1ro', 3);
		insert into grado (nombre, id_nivel) values ('2do', 3);
		insert into grado (nombre, id_nivel) values ('3ro', 3);
		insert into grado (nombre, id_nivel) values ('4to', 3);
		insert into grado (nombre, id_nivel) values ('5to', 3);
		insert into grado (nombre, id_nivel) values ('6to', 3);
		-- C
		insert into grado (nombre, id_nivel) values ('1ro', 3);
		insert into grado (nombre, id_nivel) values ('2do', 3);
		insert into grado (nombre, id_nivel) values ('3ro', 3);
		insert into grado (nombre, id_nivel) values ('4to', 3);
		insert into grado (nombre, id_nivel) values ('5to', 3);
		insert into grado (nombre, id_nivel) values ('6to', 3);
    
-- seccion (36)
	-- inicial
	insert into seccion (nombre, n_estudiantes) values ('1', 0, 1);
	insert into seccion (nombre, n_estudiantes) values ('1', 0, 2);
	insert into seccion (nombre, n_estudiantes) values ('1', 0, 3);
	-- primaria
		-- A
		insert into seccion (nombre, n_estudiantes) values ('A', 0, 4);
		insert into seccion (nombre, n_estudiantes) values ('A', 0, 5);
		insert into seccion (nombre, n_estudiantes) values ('A', 0, 6);
		insert into seccion (nombre, n_estudiantes) values ('A', 0, 7);
		insert into seccion (nombre, n_estudiantes) values ('A', 0, 8);
		-- B
		insert into seccion (nombre, n_estudiantes) values ('B', 0, 9);
		insert into seccion (nombre, n_estudiantes) values ('B', 0, 10);
		insert into seccion (nombre, n_estudiantes) values ('B', 0, 11);
		insert into seccion (nombre, n_estudiantes) values ('B', 0, 12);
		insert into seccion (nombre, n_estudiantes) values ('B', 0, 13);
		-- C
		insert into seccion (nombre, n_estudiantes) values ('C', 0, 14);
		insert into seccion (nombre, n_estudiantes) values ('C', 0, 15);
		insert into seccion (nombre, n_estudiantes) values ('C', 0, 16);
		insert into seccion (nombre, n_estudiantes) values ('C', 0, 17);
		insert into seccion (nombre, n_estudiantes) values ('C', 0, 18);
	-- secundaria
		-- A
		insert into seccion (nombre, n_estudiantes) values ('A', 0, 19);
		insert into seccion (nombre, n_estudiantes) values ('A', 0, 20);
		insert into seccion (nombre, n_estudiantes) values ('A', 0, 21);
		insert into seccion (nombre, n_estudiantes) values ('A', 0, 22);
		insert into seccion (nombre, n_estudiantes) values ('A', 0, 23);
        insert into seccion (nombre, n_estudiantes) values ('A', 0, 24);
		-- B
		insert into seccion (nombre, n_estudiantes) values ('B', 0, 25);
		insert into seccion (nombre, n_estudiantes) values ('B', 0, 26);
		insert into seccion (nombre, n_estudiantes) values ('B', 0, 27);
		insert into seccion (nombre, n_estudiantes) values ('B', 0, 28);
        insert into seccion (nombre, n_estudiantes) values ('B', 0, 29);
		insert into seccion (nombre, n_estudiantes) values ('B', 0, 30);
		-- C
		insert into seccion (nombre, n_estudiantes) values ('C', 0, 31);
		insert into seccion (nombre, n_estudiantes) values ('C', 0, 32);
		insert into seccion (nombre, n_estudiantes) values ('C', 0, 33);
        insert into seccion (nombre, n_estudiantes) values ('C', 0, 34);
        insert into seccion (nombre, n_estudiantes) values ('C', 0, 35);
        insert into seccion (nombre, n_estudiantes) values ('C', 0, 36);

-- matricula (36)
insert into matricula (id_matricula, id_estudiante, fecha, monto, nivel, grado, id_seccion) values (1, 1, '2020-03-10 14:16:58', 0.0, '_nivel_', '_grado_', 1);
insert into matricula (id_matricula, id_estudiante, fecha, monto, nivel, grado, id_seccion) values (2, 2, '2020-11-12 00:26:19', 0.0, '_nivel_', '_grado_', 2);
insert into matricula (id_matricula, id_estudiante, fecha, monto, nivel, grado, id_seccion) values (3, 3, '2020-04-10 16:59:42', 0.0, '_nivel_', '_grado_', 3);
insert into matricula (id_matricula, id_estudiante, fecha, monto, nivel, grado, id_seccion) values (4, 4, '2020-03-02 07:40:02', 0.0, '_nivel_', '_grado_', 4);
insert into matricula (id_matricula, id_estudiante, fecha, monto, nivel, grado, id_seccion) values (5, 5, '2019-12-31 10:13:35', 0.0, '_nivel_', '_grado_', 5);
insert into matricula (id_matricula, id_estudiante, fecha, monto, nivel, grado, id_seccion) values (6, 6, '2020-02-21 22:42:53', 0.0, '_nivel_', '_grado_', 6);
insert into matricula (id_matricula, id_estudiante, fecha, monto, nivel, grado, id_seccion) values (7, 7, '2020-07-23 02:31:38', 0.0, '_nivel_', '_grado_', 7);
insert into matricula (id_matricula, id_estudiante, fecha, monto, nivel, grado, id_seccion) values (8, 8, '2020-07-03 02:25:21', 0.0, '_nivel_', '_grado_', 8);
insert into matricula (id_matricula, id_estudiante, fecha, monto, nivel, grado, id_seccion) values (9, 9, '2020-07-04 13:38:49', 0.0, '_nivel_', '_grado_', 9);
insert into matricula (id_matricula, id_estudiante, fecha, monto, nivel, grado, id_seccion) values (10, 10, '2020-04-29 05:21:02', 0.0, '_nivel_', '_grado_', 10);
insert into matricula (id_matricula, id_estudiante, fecha, monto, nivel, grado, id_seccion) values (11, 11, '2020-06-11 01:21:14', 0.0, '_nivel_', '_grado_', 11);
insert into matricula (id_matricula, id_estudiante, fecha, monto, nivel, grado, id_seccion) values (12, 12, '2020-07-04 08:48:40', 0.0, '_nivel_', '_grado_', 12);
insert into matricula (id_matricula, id_estudiante, fecha, monto, nivel, grado, id_seccion) values (13, 13, '2020-11-13 02:26:24', 0.0, '_nivel_', '_grado_', 13);
insert into matricula (id_matricula, id_estudiante, fecha, monto, nivel, grado, id_seccion) values (14, 14, '2020-04-08 09:14:23', 0.0, '_nivel_', '_grado_', 14);
insert into matricula (id_matricula, id_estudiante, fecha, monto, nivel, grado, id_seccion) values (15, 15, '2020-03-22 16:45:15', 0.0, '_nivel_', '_grado_', 15);
insert into matricula (id_matricula, id_estudiante, fecha, monto, nivel, grado, id_seccion) values (16, 16, '2020-06-08 02:52:49', 0.0, '_nivel_', '_grado_', 16);
insert into matricula (id_matricula, id_estudiante, fecha, monto, nivel, grado, id_seccion) values (17, 17, '2020-04-02 18:34:25', 0.0, '_nivel_', '_grado_', 17);
insert into matricula (id_matricula, id_estudiante, fecha, monto, nivel, grado, id_seccion) values (18, 18, '2020-03-04 06:14:15', 0.0, '_nivel_', '_grado_', 18);
insert into matricula (id_matricula, id_estudiante, fecha, monto, nivel, grado, id_seccion) values (19, 19, '2020-01-10 05:43:10', 0.0, '_nivel_', '_grado_', 19);
insert into matricula (id_matricula, id_estudiante, fecha, monto, nivel, grado, id_seccion) values (20, 20, '2020-05-12 23:38:19', 0.0, '_nivel_', '_grado_', 20);
insert into matricula (id_matricula, id_estudiante, fecha, monto, nivel, grado, id_seccion) values (21, 21, '2019-12-31 02:16:51', 0.0, '_nivel_', '_grado_', 21);
insert into matricula (id_matricula, id_estudiante, fecha, monto, nivel, grado, id_seccion) values (22, 22, '2020-07-14 11:08:03', 0.0, '_nivel_', '_grado_', 22);
insert into matricula (id_matricula, id_estudiante, fecha, monto, nivel, grado, id_seccion) values (23, 23, '2020-06-23 16:27:00', 0.0, '_nivel_', '_grado_', 23);
insert into matricula (id_matricula, id_estudiante, fecha, monto, nivel, grado, id_seccion) values (24, 24, '2020-08-24 02:18:39', 0.0, '_nivel_', '_grado_', 24);
insert into matricula (id_matricula, id_estudiante, fecha, monto, nivel, grado, id_seccion) values (25, 25, '2020-05-31 09:08:38', 0.0, '_nivel_', '_grado_', 25);
insert into matricula (id_matricula, id_estudiante, fecha, monto, nivel, grado, id_seccion) values (26, 26, '2020-04-01 20:57:30', 0.0, '_nivel_', '_grado_', 26);
insert into matricula (id_matricula, id_estudiante, fecha, monto, nivel, grado, id_seccion) values (27, 27, '2020-08-22 08:27:52', 0.0, '_nivel_', '_grado_', 27);
insert into matricula (id_matricula, id_estudiante, fecha, monto, nivel, grado, id_seccion) values (28, 28, '2020-04-07 21:47:49', 0.0, '_nivel_', '_grado_', 28);
insert into matricula (id_matricula, id_estudiante, fecha, monto, nivel, grado, id_seccion) values (29, 29, '2020-06-09 16:56:34', 0.0, '_nivel_', '_grado_', 29);
insert into matricula (id_matricula, id_estudiante, fecha, monto, nivel, grado, id_seccion) values (30, 30, '2020-02-09 18:48:04', 0.0, '_nivel_', '_grado_', 30);
insert into matricula (id_matricula, id_estudiante, fecha, monto, nivel, grado, id_seccion) values (31, 31, '2020-10-31 11:13:47', 0.0, '_nivel_', '_grado_', 31);
insert into matricula (id_matricula, id_estudiante, fecha, monto, nivel, grado, id_seccion) values (32, 32, '2020-03-09 18:55:05', 0.0, '_nivel_', '_grado_', 32);
insert into matricula (id_matricula, id_estudiante, fecha, monto, nivel, grado, id_seccion) values (33, 33, '2020-11-05 16:48:58', 0.0, '_nivel_', '_grado_', 33);
insert into matricula (id_matricula, id_estudiante, fecha, monto, nivel, grado, id_seccion) values (34, 34, '2020-03-01 07:55:44', 0.0, '_nivel_', '_grado_', 34);
insert into matricula (id_matricula, id_estudiante, fecha, monto, nivel, grado, id_seccion) values (35, 35, '2020-06-12 03:26:19', 0.0, '_nivel_', '_grado_', 35);
insert into matricula (id_matricula, id_estudiante, fecha, monto, nivel, grado, id_seccion) values (36, 36, '2020-10-21 20:16:47', 0.0, '_nivel_', '_grado_', 36);

-- estudiante (36)
insert into estudiante (id_estudiante, nombres, apellidos, dni, fecha_nacimiento, id_apoderado, celular, correo, id_distrito, direccion, pass, id_matricula) values (1, 'Ermentrude', 'Romi', 81151805, '2017-06-10', 8, 959562912, 'eromi0@tinyurl.com', 5, '044 Pond Plaza', 123, 1);
insert into estudiante (id_estudiante, nombres, apellidos, dni, fecha_nacimiento, id_apoderado, celular, correo, id_distrito, direccion, pass, id_matricula) values (2, 'Tiffanie', 'Okker', 84164124, '2013-01-09', 4, 997890369, 'tokker1@theglobeandmail.com', 16, '934 Independence Way', 123, 2);
insert into estudiante (id_estudiante, nombres, apellidos, dni, fecha_nacimiento, id_apoderado, celular, correo, id_distrito, direccion, pass, id_matricula) values (3, 'Evvy', 'Gieraths', 90750895, '2014-11-24', 9, 967530040, 'egieraths2@ftc.gov', 12, '5700 Redwing Place', 123, 3);
insert into estudiante (id_estudiante, nombres, apellidos, dni, fecha_nacimiento, id_apoderado, celular, correo, id_distrito, direccion, pass, id_matricula) values (4, 'Sharline', 'Cullingworth', 95607914, '2012-06-18', 8, 961122906, 'scullingworth3@cdc.gov', 16, '64 Logan Place', 123, 4);
insert into estudiante (id_estudiante, nombres, apellidos, dni, fecha_nacimiento, id_apoderado, celular, correo, id_distrito, direccion, pass, id_matricula) values (5, 'Frieda', 'Balshaw', 93177429, '2013-04-22', 13, 986449549, 'fbalshaw4@webs.com', 28, '07455 Columbus Park', 123, 5);
insert into estudiante (id_estudiante, nombres, apellidos, dni, fecha_nacimiento, id_apoderado, celular, correo, id_distrito, direccion, pass, id_matricula) values (6, 'Brittani', 'Spore', 96950610, '2012-04-10', 17, 954305549, 'bspore5@arizona.edu', 42, '2 Waywood Parkway', 123, 6);
insert into estudiante (id_estudiante, nombres, apellidos, dni, fecha_nacimiento, id_apoderado, celular, correo, id_distrito, direccion, pass, id_matricula) values (7, 'Berna', 'Ossipenko', 88483383, '2011-05-12', 12, 968062775, 'bossipenko6@themeforest.net', 28, '701 Hazelcrest Place', 123, 7);
insert into estudiante (id_estudiante, nombres, apellidos, dni, fecha_nacimiento, id_apoderado, celular, correo, id_distrito, direccion, pass, id_matricula) values (8, 'Enrika', 'Charlo', 92243333, '2011-12-05', 15, 963949169, 'echarlo7@about.com', 40, '03233 Jenifer Plaza', 123, 8);
insert into estudiante (id_estudiante, nombres, apellidos, dni, fecha_nacimiento, id_apoderado, celular, correo, id_distrito, direccion, pass, id_matricula) values (9, 'Sybilla', 'Daville', 88121339, '2015-11-26', 3, 976545965, 'sdaville8@elegantthemes.com', 13, '24904 Reindahl Alley', 123, 9);
insert into estudiante (id_estudiante, nombres, apellidos, dni, fecha_nacimiento, id_apoderado, celular, correo, id_distrito, direccion, pass, id_matricula) values (10, 'Jolene', 'Dyte', 86014073, '2013-09-28', 11, 953102931, 'jdyte9@netvibes.com', 41, '792 Blackbird Court', 123, 10);
insert into estudiante (id_estudiante, nombres, apellidos, dni, fecha_nacimiento, id_apoderado, celular, correo, id_distrito, direccion, pass, id_matricula) values (11, 'Randene', 'Muselli', 88100814, '2012-04-23', 2, 969879647, 'rmusellia@tamu.edu', 10, '657 Arkansas Parkway', 123, 11);
insert into estudiante (id_estudiante, nombres, apellidos, dni, fecha_nacimiento, id_apoderado, celular, correo, id_distrito, direccion, pass, id_matricula) values (12, 'Aundrea', 'Tommasi', 95424834, '2010-12-18', 18, 958013249, 'atommasib@simplemachines.org', 35, '543 Marquette Alley', 123, 12);
insert into estudiante (id_estudiante, nombres, apellidos, dni, fecha_nacimiento, id_apoderado, celular, correo, id_distrito, direccion, pass, id_matricula) values (13, 'Jsandye', 'McTerry', 93345949, '2012-11-01', 9, 959829715, 'jmcterryc@irs.gov', 20, '0480 Schiller Way', 123, 13);
insert into estudiante (id_estudiante, nombres, apellidos, dni, fecha_nacimiento, id_apoderado, celular, correo, id_distrito, direccion, pass, id_matricula) values (14, 'Delcine', 'Durrance', 87095252, '2015-08-10', 4, 954003250, 'ddurranced@foxnews.com', 7, '732 7th Center', 123, 14);
insert into estudiante (id_estudiante, nombres, apellidos, dni, fecha_nacimiento, id_apoderado, celular, correo, id_distrito, direccion, pass, id_matricula) values (15, 'Ardelis', 'Reburn', 81168615, '2015-10-14', 17, 967435444, 'areburne@newyorker.com', 39, '8 Nancy Plaza', 123, 15);
insert into estudiante (id_estudiante, nombres, apellidos, dni, fecha_nacimiento, id_apoderado, celular, correo, id_distrito, direccion, pass, id_matricula) values (16, 'Flory', 'Sylvaine', 81499983, '2016-10-31', 11, 961603711, 'fsylvainef@dell.com', 1, '8649 Hallows Crossing', 123, 16);
insert into estudiante (id_estudiante, nombres, apellidos, dni, fecha_nacimiento, id_apoderado, celular, correo, id_distrito, direccion, pass, id_matricula) values (17, 'Elaine', 'MacGruer', 99374534, '2012-12-10', 18, 997816148, 'emacgruerg@angelfire.com', 20, '8940 Donald Terrace', 123, 17);
insert into estudiante (id_estudiante, nombres, apellidos, dni, fecha_nacimiento, id_apoderado, celular, correo, id_distrito, direccion, pass, id_matricula) values (18, 'Rheba', 'Kohlerman', 97755486, '2016-06-07', 7, 994251682, 'rkohlermanh@paginegialle.it', 3, '5472 Bunting Trail', 123, 18);
insert into estudiante (id_estudiante, nombres, apellidos, dni, fecha_nacimiento, id_apoderado, celular, correo, id_distrito, direccion, pass, id_matricula) values (19, 'Avril', 'Fittis', 99943261, '2011-08-01', 2, 992457968, 'afittisi@pagesperso-orange.fr', 20, '69857 Carpenter Hill', 123, 19);
insert into estudiante (id_estudiante, nombres, apellidos, dni, fecha_nacimiento, id_apoderado, celular, correo, id_distrito, direccion, pass, id_matricula) values (20, 'Darla', 'Pothbury', 90931408, '2017-07-12', 6, 962914032, 'dpothburyj@t.co', 18, '54554 Arrowood Center', 123, 20);
insert into estudiante (id_estudiante, nombres, apellidos, dni, fecha_nacimiento, id_apoderado, celular, correo, id_distrito, direccion, pass, id_matricula) values (21, 'Molli', 'O''Cassidy', 90084180, '2012-12-30', 6, 991268814, 'mocassidyk@miibeian.gov.cn', 39, '821 Forest Run Hill', 123, 21);
insert into estudiante (id_estudiante, nombres, apellidos, dni, fecha_nacimiento, id_apoderado, celular, correo, id_distrito, direccion, pass, id_matricula) values (22, 'Liane', 'Vallentine', 81937658, '2017-11-09', 5, 972069132, 'lvallentinel@live.com', 11, '48 Blue Bill Park Court', 123, 22);
insert into estudiante (id_estudiante, nombres, apellidos, dni, fecha_nacimiento, id_apoderado, celular, correo, id_distrito, direccion, pass, id_matricula) values (23, 'Madelin', 'Gemmell', 95968552, '2013-02-13', 12, 999310596, 'mgemmellm@eventbrite.com', 11, '9675 Brickson Park Drive', 123, 23);
insert into estudiante (id_estudiante, nombres, apellidos, dni, fecha_nacimiento, id_apoderado, celular, correo, id_distrito, direccion, pass, id_matricula) values (24, 'Kizzee', 'Faragher', 99863750, '2017-05-13', 1, 953257475, 'kfaraghern@sphinn.com', 28, '86696 Bay Way', 123, 24);
insert into estudiante (id_estudiante, nombres, apellidos, dni, fecha_nacimiento, id_apoderado, celular, correo, id_distrito, direccion, pass, id_matricula) values (25, 'Lucia', 'Hallede', 86305509, '2012-01-26', 14, 958059624, 'lhalledeo@intel.com', 4, '79069 Merry Center', 123, 25);
insert into estudiante (id_estudiante, nombres, apellidos, dni, fecha_nacimiento, id_apoderado, celular, correo, id_distrito, direccion, pass, id_matricula) values (26, 'Anabella', 'MacKeague', 94199338, '2017-08-30', 13, 963646238, 'amackeaguep@tripod.com', 36, '35847 Mayfield Park', 123, 26);
insert into estudiante (id_estudiante, nombres, apellidos, dni, fecha_nacimiento, id_apoderado, celular, correo, id_distrito, direccion, pass, id_matricula) values (27, 'Robyn', 'Deftie', 96329780, '2014-09-24', 12, 981607240, 'rdeftieq@instagram.com', 43, '847 Dahle Park', 123, 27);
insert into estudiante (id_estudiante, nombres, apellidos, dni, fecha_nacimiento, id_apoderado, celular, correo, id_distrito, direccion, pass, id_matricula) values (28, 'Loralee', 'De Vries', 93252994, '2012-11-18', 6, 977045470, 'ldevriesr@ehow.com', 40, '91490 Stone Corner Lane', 123, 28);
insert into estudiante (id_estudiante, nombres, apellidos, dni, fecha_nacimiento, id_apoderado, celular, correo, id_distrito, direccion, pass, id_matricula) values (29, 'Olga', 'Alenin', 84288685, '2015-03-29', 5, 960930876, 'oalenins@omniture.com', 10, '85001 Graceland Crossing', 123, 29);
insert into estudiante (id_estudiante, nombres, apellidos, dni, fecha_nacimiento, id_apoderado, celular, correo, id_distrito, direccion, pass, id_matricula) values (30, 'Melosa', 'Snaddon', 83374472, '2015-07-12', 18, 990904508, 'msnaddont@va.gov', 23, '8 Village Plaza', 123, 30);
insert into estudiante (id_estudiante, nombres, apellidos, dni, fecha_nacimiento, id_apoderado, celular, correo, id_distrito, direccion, pass, id_matricula) values (31, 'Paige', 'Griffoen', 80078126, '2011-08-01', 13, 954358824, 'pgriffoenu@yahoo.com', 39, '507 Fuller Avenue', 123, 31);
insert into estudiante (id_estudiante, nombres, apellidos, dni, fecha_nacimiento, id_apoderado, celular, correo, id_distrito, direccion, pass, id_matricula) values (32, 'Farica', 'Vivians', 93040257, '2014-10-16', 10, 998560221, 'fviviansv@cbslocal.com', 36, '245 Westridge Place', 123, 32);
insert into estudiante (id_estudiante, nombres, apellidos, dni, fecha_nacimiento, id_apoderado, celular, correo, id_distrito, direccion, pass, id_matricula) values (33, 'Sherill', 'Carlill', 94761451, '2012-10-29', 4, 980446914, 'scarlillw@lycos.com', 43, '5 Glendale Lane', 123, 33);
insert into estudiante (id_estudiante, nombres, apellidos, dni, fecha_nacimiento, id_apoderado, celular, correo, id_distrito, direccion, pass, id_matricula) values (34, 'Martie', 'Suddell', 88055748, '2015-12-19', 5, 977781322, 'msuddellx@google.pl', 8, '54 Mayfield Junction', 123, 34);
insert into estudiante (id_estudiante, nombres, apellidos, dni, fecha_nacimiento, id_apoderado, celular, correo, id_distrito, direccion, pass, id_matricula) values (35, 'Jocelin', 'Took', 85375570, '2015-03-01', 15, 955183443, 'jtooky@whitehouse.gov', 9, '317 Gateway Way', 123, 35);
insert into estudiante (id_estudiante, nombres, apellidos, dni, fecha_nacimiento, id_apoderado, celular, correo, id_distrito, direccion, pass, id_matricula) values (36, 'Ronna', 'Byrch', 92949269, '2017-02-21', 1, 961009024, 'rbyrchz@princeton.edu', 1, '7 Mccormick Court', 123, 36);
