USE bd_webservicerest;

-- distritos (43)
INSERT INTO distritos (nombre) VALUES ('LIMA');
INSERT INTO distritos (nombre) VALUES ('ANCÓN');
INSERT INTO distritos (nombre) VALUES ('ATE');
INSERT INTO distritos (nombre) VALUES ('BARRANCO');
INSERT INTO distritos (nombre) VALUES ('BREÑA');
INSERT INTO distritos (nombre) VALUES ('CARABAYLLO');
INSERT INTO distritos (nombre) VALUES ('CHACLACAYO');
INSERT INTO distritos (nombre) VALUES ('CHORRILLOS');
INSERT INTO distritos (nombre) VALUES ('CIENEGUILLA');
INSERT INTO distritos (nombre) VALUES ('COMAS');
INSERT INTO distritos (nombre) VALUES ('EL AGUSTINO');
INSERT INTO distritos (nombre) VALUES ('INDEPENDENCIA');
INSERT INTO distritos (nombre) VALUES ('JESÚS MARÍA');
INSERT INTO distritos (nombre) VALUES ('LA MOLINA');
INSERT INTO distritos (nombre) VALUES ('LA VICTORIA');
INSERT INTO distritos (nombre) VALUES ('LINCE');
INSERT INTO distritos (nombre) VALUES ('LOS OLIVOS');
INSERT INTO distritos (nombre) VALUES ('LURIGANCHO');
INSERT INTO distritos (nombre) VALUES ('LURÍN');
INSERT INTO distritos (nombre) VALUES ('MAGDALENA DEL MAR');
INSERT INTO distritos (nombre) VALUES ('PUEBLO LIBRE');
INSERT INTO distritos (nombre) VALUES ('MIRAFLORES');
INSERT INTO distritos (nombre) VALUES ('PACHACAMAC');
INSERT INTO distritos (nombre) VALUES ('PUCUSANA');
INSERT INTO distritos (nombre) VALUES ('PUENTE PIEDRA');
INSERT INTO distritos (nombre) VALUES ('PUNTA HERMOSA');
INSERT INTO distritos (nombre) VALUES ('PUNTA NEGRA');
INSERT INTO distritos (nombre) VALUES ('RÍMAC');
INSERT INTO distritos (nombre) VALUES ('SAN BARTOLO');
INSERT INTO distritos (nombre) VALUES ('SAN BORJA');
INSERT INTO distritos (nombre) VALUES ('SAN ISIDRO');
INSERT INTO distritos (nombre) VALUES ('SAN JUAN DE LURIGANCHO');
INSERT INTO distritos (nombre) VALUES ('SAN JUAN DE MIRAFLORES');
INSERT INTO distritos (nombre) VALUES ('SAN LUIS');
INSERT INTO distritos (nombre) VALUES ('SAN MARTÍN DE PORRES');
INSERT INTO distritos (nombre) VALUES ('SAN MIGUEL');
INSERT INTO distritos (nombre) VALUES ('SANTA ANITA');
INSERT INTO distritos (nombre) VALUES ('SANTA MARÍA DEL MAR');
INSERT INTO distritos (nombre) VALUES ('SANTA ROSA');
INSERT INTO distritos (nombre) VALUES ('SANTIAGO DE SURCO');
INSERT INTO distritos (nombre) VALUES ('SURQUILLO');
INSERT INTO distritos (nombre) VALUES ('VILLA EL SALVADOR');
INSERT INTO distritos (nombre) VALUES ('VILLA MARÍA DEL TRIUNFO');

-- apoderados (30) 
insert into apoderados (dni_apoderado, nombre, apellido, celular, correo, pass, distrito_id, estado) values (34887445, 'Dena', 'Cardnell', 900469120, 'dcardnell0@tuttocitta.it', 123, 39, 1);
insert into apoderados (dni_apoderado, nombre, apellido, celular, correo, pass, distrito_id, estado) values (81464165, 'Ichabod', 'Cicchinelli', 973637497, 'icicchinelli0@newsvine.com', 123, 3, 1);
insert into apoderados (dni_apoderado, nombre, apellido, celular, correo, pass, distrito_id, estado) values (67294996, 'Nikolai', 'Tieman', 929901641, 'ntieman1@apache.org', 123, 40, 1);
insert into apoderados (dni_apoderado, nombre, apellido, celular, correo, pass, distrito_id, estado) values (73075298, 'Josephine', 'Van Arsdall', 957331388, 'jvanarsdall2@whitehouse.gov', 123, 13, 1);
insert into apoderados (dni_apoderado, nombre, apellido, celular, correo, pass, distrito_id, estado) values (52004961, 'Kelsy', 'Yitzhakov', 985366749, 'kyitzhakov3@spotify.com', 123, 32, 1);
insert into apoderados (dni_apoderado, nombre, apellido, celular, correo, pass, distrito_id, estado) values (95904233, 'Maisey', 'Unitt', 909703223, 'munitt4@ameblo.jp', 123, 21, 1);
insert into apoderados (dni_apoderado, nombre, apellido, celular, correo, pass, distrito_id, estado) values (24772789, 'Gordy', 'McPaik', 945227135, 'gmcpaik5@ameblo.jp', 123, 42, 1);
insert into apoderados (dni_apoderado, nombre, apellido, celular, correo, pass, distrito_id, estado) values (33418489, 'Shir', 'Yakubov', 902870573, 'syakubov6@time.com', 123, 10, 1);
insert into apoderados (dni_apoderado, nombre, apellido, celular, correo, pass, distrito_id, estado) values (84382327, 'Allard', 'Skottle', 911146199, 'askottle7@icio.us', 123, 24, 1);
insert into apoderados (dni_apoderado, nombre, apellido, celular, correo, pass, distrito_id, estado) values (41176568, 'Connie', 'Melling', 970901155, 'cmelling8@imdb.com', 123, 21, 1);

insert into apoderados (dni_apoderado, nombre, apellido, celular, correo, pass, distrito_id, estado) values (25649104, 'Dore', 'Cordet', 935683185, 'dcordet9@slate.com', 123, 15, 1);
insert into apoderados (dni_apoderado, nombre, apellido, celular, correo, pass, distrito_id, estado) values (87432154, 'Austin', 'Garshore', 959461020, 'agarshorea@mediafire.com', 123, 21, 1);
insert into apoderados (dni_apoderado, nombre, apellido, celular, correo, pass, distrito_id, estado) values (37358342, 'Blaire', 'Snoxall', 907899589, 'bsnoxallb@feedburner.com', 123, 2, 1);
insert into apoderados (dni_apoderado, nombre, apellido, celular, correo, pass, distrito_id, estado) values (19140415, 'Sallie', 'Buckwell', 995126787, 'sbuckwellc@eepurl.com', 123, 37, 1);
insert into apoderados (dni_apoderado, nombre, apellido, celular, correo, pass, distrito_id, estado) values (95904386, 'Anderson', 'Faley', 909554270, 'afaleyd@hostgator.com', 123, 19, 1);
insert into apoderados (dni_apoderado, nombre, apellido, celular, correo, pass, distrito_id, estado) values (12247488, 'Maryanne', 'Maling', 917441128, 'mmalinge@biglobe.ne.jp', 123, 6, 1);
insert into apoderados (dni_apoderado, nombre, apellido, celular, correo, pass, distrito_id, estado) values (66563048, 'Karin', 'Billam', 905652839, 'kbillamf@discovery.com', 123, 21, 1);
insert into apoderados (dni_apoderado, nombre, apellido, celular, correo, pass, distrito_id, estado) values (20982350, 'Jillie', 'Orfeur', 968630912, 'jorfeurg@nymag.com', 123, 8, 1);
insert into apoderados (dni_apoderado, nombre, apellido, celular, correo, pass, distrito_id, estado) values (87673066, 'Rozanna', 'Richarson', 988457535, 'rricharsonh@unc.edu', 123, 5, 1);
insert into apoderados (dni_apoderado, nombre, apellido, celular, correo, pass, distrito_id, estado) values (71652455, 'Aimee', 'Hamshere', 954164868, 'ahamsherei@imageshack.us', 123, 27, 1);

insert into apoderados (dni_apoderado, nombre, apellido, celular, correo, pass, distrito_id, estado) values (72713455, 'Zaccaria', 'Jiles', 988396380, 'zjilesj@timesonline.co.uk', 123, 21, 1);
insert into apoderados (dni_apoderado, nombre, apellido, celular, correo, pass, distrito_id, estado) values (39948404, 'Rebecka', 'Crowder', 924370198, 'rcrowderk@webnode.com', 123, 30, 1);
insert into apoderados (dni_apoderado, nombre, apellido, celular, correo, pass, distrito_id, estado) values (16029997, 'Meredeth', 'Drewet', 966654611, 'mdrewetl@live.com', 123, 24, 1);
insert into apoderados (dni_apoderado, nombre, apellido, celular, correo, pass, distrito_id, estado) values (12076402, 'Harlin', 'Versey', 919869610, 'hverseym@state.tx.us', 123, 7, 1);
insert into apoderados (dni_apoderado, nombre, apellido, celular, correo, pass, distrito_id, estado) values (96982269, 'Silas', 'Malek', 927841140, 'smalekn@over-blog.com', 123, 25, 1);
insert into apoderados (dni_apoderado, nombre, apellido, celular, correo, pass, distrito_id, estado) values (38536222, 'Hadley', 'Forman', 909767684, 'hformano@jimdo.com', 123, 40, 1);
insert into apoderados (dni_apoderado, nombre, apellido, celular, correo, pass, distrito_id, estado) values (36023841, 'Melvyn', 'Croson', 931568416, 'mcrosonp@craigslist.org', 123, 25, 1);
insert into apoderados (dni_apoderado, nombre, apellido, celular, correo, pass, distrito_id, estado) values (24152943, 'Judy', 'Tallow', 990200916, 'jtallowq@ask.com', 123, 26, 1);
insert into apoderados (dni_apoderado, nombre, apellido, celular, correo, pass, distrito_id, estado) values (13866466, 'Wendye', 'Sigert', 977763453, 'wsigertr@guardian.co.uk', 123, 31, 1);
insert into apoderados (dni_apoderado, nombre, apellido, celular, correo, pass, distrito_id, estado) values (21747230, 'Vally', 'Bensusan', 955954139, 'vbensusans@creativecommons.org', 123, 24, 1);

-- estudiantes (42)
-- inicial (9)
-- 3 años (05/15/2016 - 02/28/2017)
-- A
-- B
-- C
-- 4 años (05/15/2015 - 02/28/2016)
-- A
-- B
-- C
-- 5 años (05/15/2014 - 02/28/2015)
-- A
-- B
-- C
-- primaria (18)
-- 1ro 6 (05/15/2013 - 02/28/2014)
-- A
-- B
-- C
-- 2do 7 (05/15/2012 - 02/28/2013)
-- A
-- B
-- C
-- 3ro 8 (05/15/2011 - 02/28/2012)
-- A
-- B
-- C
-- 4to 9 (05/15/2010 - 02/28/2011)
-- A
-- B
-- C
-- 5to 10 (05/15/2009 - 02/28/2010)
-- A
-- B
-- C
-- 6to 11 (05/15/2008 - 02/28/2009)
-- A
-- B
-- C
-- secundaria (15)
-- 1ro 12 (05/15/2007 - 02/28/2008)
-- A
-- B
-- C
-- 2do 13 (05/15/2006 - 02/28/2007)
-- A
-- B
-- C
-- 3ro 14 (05/15/2005 - 02/28/2006)
-- A
-- B
-- C
-- 4to 15 (05/15/2004 - 02/28/2005)
-- A
-- B
-- C
-- 5to 16 (05/15/2003 - 02/28/2004)
-- A
INSERT INTO estudiantes (dni_estudiante, nombre, apellido, fnacimiento, dni_apoderado, celular, correo, distrito_id, direccion, pass, estado, condicion) VALUES (61933011, 'Gabey', 'MacArd', '2003-10-14', 34887445, 945573734, 'gmacard0@usa.gov', 12, '42 Upham Way', 123, 1, 'promovido');
insert into estudiantes (dni_estudiante, nombre, apellido, fnacimiento, dni_apoderado, celular, correo, distrito_id, direccion, pass, estado, condicion) values (91659690, 'Camellia', 'Cominoli', '2003-10-14', 34887445, 950692477, 'ccominoli0@mashable.com', 21, '6042 Veith Circle', 123, 1, 'no promovido');
insert into estudiantes (dni_estudiante, nombre, apellido, fnacimiento, dni_apoderado, celular, correo, distrito_id, direccion, pass, estado, condicion) values (48132101, 'Willey', 'Geare', '2003-06-06', 34887445, 933802870, 'wgeare1@jalbum.net', 42, '33 Mallory Parkway', 123, 1, 'promovido');
insert into estudiantes (dni_estudiante, nombre, apellido, fnacimiento, dni_apoderado, celular, correo, distrito_id, direccion, pass, estado, condicion) values (62402219, 'Sandro', 'Hawtry', '2003-08-09', 81464165, 940585804, 'shawtry2@xrea.com', 19, '98983 Grim Trail', 123, 1, 'promovido');
insert into estudiantes (dni_estudiante, nombre, apellido, fnacimiento, dni_apoderado, celular, correo, distrito_id, direccion, pass, estado, condicion) values (16467683, 'Margarethe', 'Montrose', '2003-07-16', 81464165, 918202150, 'mmontrose3@google.pl', 33, '03 Mifflin Avenue', 123, 1, 'no promovido');
insert into estudiantes (dni_estudiante, nombre, apellido, fnacimiento, dni_apoderado, celular, correo, distrito_id, direccion, pass, estado, condicion) values (53386197, 'Sorcha', 'Giovannetti', '2003-08-10', 81464165, 997212279, 'sgiovannetti4@arstechnica.com', 5, '65 Artisan Lane', 123, 1, 'promovido');
insert into estudiantes (dni_estudiante, nombre, apellido, fnacimiento, dni_apoderado, celular, correo, distrito_id, direccion, pass, estado, condicion) values (54362254, 'Carlyle', 'McCurrie', '2003-08-10', 12247488, 910844487, 'cmccurrie5@mayoclinic.com', 46, '05615 Bashford Place', 123, 1, 'promovido');
insert into estudiantes (dni_estudiante, nombre, apellido, fnacimiento, dni_apoderado, celular, correo, distrito_id, direccion, pass, estado, condicion) values (82558919, 'Tracey', 'Lendrem', '2003-11-27', 12247488, 987148841, 'tlendrem6@eventbrite.com', 29, '38 Nova Junction', 123, 1, 'promovido');
insert into estudiantes (dni_estudiante, nombre, apellido, fnacimiento, dni_apoderado, celular, correo, distrito_id, direccion, pass, estado, condicion) values (37725688, 'Brew', 'Ivankov', '2003-06-14', 12247488, 986190014, 'bivankov7@simplemachines.org', 4, '92326 Killdeer Plaza', 123, 1, 'promovido');
insert into estudiantes (dni_estudiante, nombre, apellido, fnacimiento, dni_apoderado, celular, correo, distrito_id, direccion, pass, estado, condicion) values (18700336, 'Freida', 'Consadine', '2004-02-10', 73075298, 900426313, 'fconsadine8@nih.gov', 43, '91635 Oakridge Street', 123, 1, 'promovido');
insert into estudiantes (dni_estudiante, nombre, apellido, fnacimiento, dni_apoderado, celular, correo, distrito_id, direccion, pass, estado, condicion) values (63858166, 'Shandie', 'Herrema', '2003-05-26', 73075298, 962243037, 'sherrema9@feedburner.com', 25, '27 Southridge Way', 123, 1, 'no promovido');
insert into estudiantes (dni_estudiante, nombre, apellido, fnacimiento, dni_apoderado, celular, correo, distrito_id, direccion, pass, estado, condicion) values (63404827, 'Bentley', 'Shevels', '2004-02-17', 73075298, 908271255, 'bshevelsa@google.com.au', 26, '82 Mendota Plaza', 123, 1, 'promovido');
insert into estudiantes (dni_estudiante, nombre, apellido, fnacimiento, dni_apoderado, celular, correo, distrito_id, direccion, pass, estado, condicion) values (13223720, 'Alexander', 'Ghilks', '2003-08-13', 52004961, 950906967, 'aghilksb@hao123.com', 39, '7748 Farragut Terrace', 123, 1, 'no promovido');
insert into estudiantes (dni_estudiante, nombre, apellido, fnacimiento, dni_apoderado, celular, correo, distrito_id, direccion, pass, estado, condicion) values (19500546, 'Vanna', 'Gino', '2003-06-23', 52004961, 928023584, 'vginoc@themeforest.net', 4, '18 Meadow Valley Parkway', 123, 1, 'promovido');
insert into estudiantes (dni_estudiante, nombre, apellido, fnacimiento, dni_apoderado, celular, correo, distrito_id, direccion, pass, estado, condicion) values (83147487, 'Hatti', 'Ramey', '2003-06-26', 52004961, 935835156, 'hrameyd@tripod.com', 37, '8649 Dapin Parkway', 123, 1, 'promovido');


-- B
insert into estudiantes (dni_estudiante, nombre, apellido, fnacimiento, dni_apoderado, celular, correo, distrito_id, direccion, pass, estado, condicion) values (37735153, 'Ardyth', 'Janisson', '2003-11-09', 95904233, 974577605, 'ajanissonx@twitter.com', 23, '54 Armistice Place', 123, 1, 'promovido');
insert into estudiantes (dni_estudiante, nombre, apellido, fnacimiento, dni_apoderado, celular, correo, distrito_id, direccion, pass, estado, condicion) values (75534314, 'Deeanne', 'Devinn', '2003-07-29', 95904233, 907858710, 'ddevinny@edublogs.org', 29, '88 Del Mar Lane', 123, 1, 'promovido');
insert into estudiantes (dni_estudiante, nombre, apellido, fnacimiento, dni_apoderado, celular, correo, distrito_id, direccion, pass, estado, condicion) values (64257828, 'Alaster', 'Levings', '2003-10-31', 95904233, 957260465, 'alevingsz@theguardian.com', 9, '50 Burrows Park', 123, 1, 'no promovido');
insert into estudiantes (dni_estudiante, nombre, apellido, fnacimiento, dni_apoderado, celular, correo, distrito_id, direccion, pass, estado, condicion) values (47596968, 'Chloette', 'O''Henehan', '2004-01-31', 24772789, 921213078, 'cohenehan10@google.fr', 2, '4 Fulton Road', 123, 1, 'promovido');
insert into estudiantes (dni_estudiante, nombre, apellido, fnacimiento, dni_apoderado, celular, correo, distrito_id, direccion, pass, estado, condicion) values (30123294, 'Benjamen', 'Bunker', '2004-01-19', 24772789, 944229034, 'bbunker11@examiner.com', 28, '7120 Ludington Way', 123, 1, 'no promovido');
insert into estudiantes (dni_estudiante, nombre, apellido, fnacimiento, dni_apoderado, celular, correo, distrito_id, direccion, pass, estado, condicion) values (33249248, 'Jodie', 'Ottewell', '2003-06-05', 24772789, 942787367, 'jottewell12@nyu.edu', 26, '908 Carpenter Trail', 123, 1, 'promovido');
insert into estudiantes (dni_estudiante, nombre, apellido, fnacimiento, dni_apoderado, celular, correo, distrito_id, direccion, pass, estado, condicion) values (58400462, 'Gregorius', 'Woodyear', '2004-02-18', 33418489, 933359743, 'gwoodyear13@com.com', 45, '022 Miller Plaza', 123, 1, 'no promovido');
insert into estudiantes (dni_estudiante, nombre, apellido, fnacimiento, dni_apoderado, celular, correo, distrito_id, direccion, pass, estado, condicion) values (29056625, 'Rod', 'Woodier', '2003-06-15', 33418489, 960366292, 'rwoodier14@google.pl', 16, '789 International Avenue', 123, 1, 'no promovido');
insert into estudiantes (dni_estudiante, nombre, apellido, fnacimiento, dni_apoderado, celular, correo, distrito_id, direccion, pass, estado, condicion) values (96618207, 'Wes', 'Rosenkrantz', '2003-05-28', 33418489, 942071596, 'wrosenkrantz15@mail.ru', 7, '5 Crowley Road', 123, 1, 'no promovido');
insert into estudiantes (dni_estudiante, nombre, apellido, fnacimiento, dni_apoderado, celular, correo, distrito_id, direccion, pass, estado, condicion) values (94497607, 'Avigdor', 'Stansell', '2003-10-29', 84382327, 906849409, 'astansell16@bigcartel.com', 41, '04 South Alley', 123, 1, 'promovido');
insert into estudiantes (dni_estudiante, nombre, apellido, fnacimiento, dni_apoderado, celular, correo, distrito_id, direccion, pass, estado, condicion) values (22149469, 'Collete', 'Wingatt', '2003-08-15', 84382327, 974544300, 'cwingatt17@sun.com', 44, '4 Ludington Park', 123, 1, 'no promovido');
insert into estudiantes (dni_estudiante, nombre, apellido, fnacimiento, dni_apoderado, celular, correo, distrito_id, direccion, pass, estado, condicion) values (72724085, 'Julianne', 'Stammer', '2004-01-09', 84382327, 962794704, 'jstammer18@latimes.com', 10, '47522 Packers Trail', 123, 1, 'no promovido');
insert into estudiantes (dni_estudiante, nombre, apellido, fnacimiento, dni_apoderado, celular, correo, distrito_id, direccion, pass, estado, condicion) values (16226730, 'Cori', 'Lambshine', '2004-02-04', 41176568, 921914177, 'clambshine19@miibeian.gov.cn', 20, '88 Thackeray Plaza', 123, 1, 'promovido');
insert into estudiantes (dni_estudiante, nombre, apellido, fnacimiento, dni_apoderado, celular, correo, distrito_id, direccion, pass, estado, condicion) values (56712526, 'Harli', 'Utton', '2003-10-25', 41176568, 976922631, 'hutton1a@intel.com', 18, '5984 Union Crossing', 123, 1, 'no promovido');
insert into estudiantes (dni_estudiante, nombre, apellido, fnacimiento, dni_apoderado, celular, correo, distrito_id, direccion, pass, estado, condicion) values (32235278, 'Hewett', 'O''Sherrin', '2003-12-06', 41176568, 918664157, 'hosherrin1b@last.fm', 2, '709 Chinook Trail', 123, 1, 'promovido');

-- C
insert into estudiantes (dni_estudiante, nombre, apellido, fnacimiento, dni_apoderado, celular, correo, distrito_id, direccion, pass, estado, condicion) values (70248558, 'Iggie', 'Frounks', '2003-12-15', 25649104, 995015862, 'ifrounkse@cbslocal.com', 23, '50257 Pierstorff Drive', 123, 1, 'no promovido');
insert into estudiantes (dni_estudiante, nombre, apellido, fnacimiento, dni_apoderado, celular, correo, distrito_id, direccion, pass, estado, condicion) values (63684042, 'Jammal', 'Hemshall', '2003-08-27', 25649104, 966004085, 'jhemshallf@shutterfly.com', 15, '5878 Onsgard Hill', 123, 1, 'promovido');
insert into estudiantes (dni_estudiante, nombre, apellido, fnacimiento, dni_apoderado, celular, correo, distrito_id, direccion, pass, estado, condicion) values (16618401, 'Cacilie', 'Mochar', '2003-05-20', 25649104, 982440639, 'cmocharg@usa.gov', 42, '6497 Anniversary Hill', 123, 1, 'no promovido');
insert into estudiantes (dni_estudiante, nombre, apellido, fnacimiento, dni_apoderado, celular, correo, distrito_id, direccion, pass, estado, condicion) values (44578429, 'Pepillo', 'Dinley', '2004-02-11', 87432154, 903259918, 'pdinleyh@epa.gov', 39, '09646 Monterey Alley', 123, 1, 'promovido');
insert into estudiantes (dni_estudiante, nombre, apellido, fnacimiento, dni_apoderado, celular, correo, distrito_id, direccion, pass, estado, condicion) values (39229133, 'Savina', 'Torbett', '2003-05-31', 87432154, 962683015, 'storbetti@harvard.edu', 35, '2 Lakeland Alley', 123, 1, 'promovido');
insert into estudiantes (dni_estudiante, nombre, apellido, fnacimiento, dni_apoderado, celular, correo, distrito_id, direccion, pass, estado, condicion) values (89838630, 'Elfrida', 'Snar', '2003-09-27', 87432154, 901771581, 'esnarj@posterous.com', 34, '6 Butternut Hill', 123, 1, 'promovido');
insert into estudiantes (dni_estudiante, nombre, apellido, fnacimiento, dni_apoderado, celular, correo, distrito_id, direccion, pass, estado, condicion) values (98164983, 'Joshia', 'Swaile', '2003-06-06', 37358342, 950473976, 'jswailek@paginegialle.it', 28, '52206 Cascade Hill', 123, 1, 'no promovido');
insert into estudiantes (dni_estudiante, nombre, apellido, fnacimiento, dni_apoderado, celular, correo, distrito_id, direccion, pass, estado, condicion) values (20965768, 'Jenni', 'Wilber', '2003-05-23', 37358342, 934822675, 'jwilberl@salon.com', 3, '3 Pine View Road', 123, 1, 'promovido');
insert into estudiantes (dni_estudiante, nombre, apellido, fnacimiento, dni_apoderado, celular, correo, distrito_id, direccion, pass, estado, condicion) values (94686124, 'Gwenore', 'Drummond', '2003-08-09', 37358342, 995403309, 'gdrummondm@ihg.com', 2, '29295 Autumn Leaf Terrace', 123, 1, 'promovido');
insert into estudiantes (dni_estudiante, nombre, apellido, fnacimiento, dni_apoderado, celular, correo, distrito_id, direccion, pass, estado, condicion) values (24766404, 'Wash', 'Sellor', '2003-06-11', 19140415, 902668337, 'wsellorn@netscape.com', 11, '2073 Michigan Park', 123, 1, 'no promovido');
insert into estudiantes (dni_estudiante, nombre, apellido, fnacimiento, dni_apoderado, celular, correo, distrito_id, direccion, pass, estado, condicion) values (42595730, 'Amos', 'Eastlake', '2003-10-06', 19140415, 924138806, 'aeastlakeo@github.io', 10, '396 8th Plaza', 123, 1, 'promovido');
insert into estudiantes (dni_estudiante, nombre, apellido, fnacimiento, dni_apoderado, celular, correo, distrito_id, direccion, pass, estado, condicion) values (94625674, 'Norris', 'Newlove', '2003-12-30', 19140415, 954153535, 'nnewlovep@ameblo.jp', 24, '706 Spohn Parkway', 123, 1, 'no promovido');
insert into estudiantes (dni_estudiante, nombre, apellido, fnacimiento, dni_apoderado, celular, correo, distrito_id, direccion, pass, estado, condicion) values (59142175, 'Giordano', 'Borzoni', '2003-10-23', 95904386, 949967347, 'gborzoniq@sohu.com', 13, '2 Fremont Lane', 123, 1, 'promovido');
insert into estudiantes (dni_estudiante, nombre, apellido, fnacimiento, dni_apoderado, celular, correo, distrito_id, direccion, pass, estado, condicion) values (50133668, 'Sol', 'Broek', '2004-01-14', 95904386, 992874412, 'sbroekr@4shared.com', 3, '51811 Red Cloud Center', 123, 1, 'promovido');
insert into estudiantes (dni_estudiante, nombre, apellido, fnacimiento, dni_apoderado, celular, correo, distrito_id, direccion, pass, estado, condicion) values (60773948, 'Fredrika', 'Peplay', '2004-01-13', 95904386, 983461070, 'fpeplays@blogs.com', 3, '8217 Orin Parkway', 123, 1, 'no promovido');

-- trabajadores (10)
-- directora
INSERT INTO trabajadores (cargo, nombres, apellidos, dni, fecha_nacimiento, celular, id_distrito, direccion, correo, pass) VALUES ('directora', 'Constantina', 'Wrightam', 32842520, '1986-01-12', 910727483, 7, '79 Loomis Court', 'cwrightam3@craigslist.org', 123);
-- recepcion (3)
INSERT INTO trabajadores (cargo, nombres, apellidos, dni, fecha_nacimiento, celular, id_distrito, direccion, correo, pass) VALUES ('recepcionista', 'Damaris', 'Breddy', 28606359, '1963-02-06', 903888102, 17, '092 Manufacturers Crossing', 'dbreddy0@jiathis.com', 123);
INSERT INTO trabajadores (cargo, nombres, apellidos, dni, fecha_nacimiento, celular, id_distrito, direccion, correo, pass) VALUES ('recepcionista', 'Noel', 'Mardlin', 21974639, '1983-12-20', 909967406, 32, '06 Birchwood Parkway', 'nmardlin1@goo.ne.jp', 123);
INSERT INTO trabajadores (cargo, nombres, apellidos, dni, fecha_nacimiento, celular, id_distrito, direccion, correo, pass) VALUES ('recepcionista', 'Analise', 'Shapero', 38343562, '1986-11-11', 912256458, 16, '19329 Summit Parkway', 'ashapero2@seesaa.net', 123);
-- docente (96)
INSERT INTO trabajadores (cargo, nombres, apellidos, dni, fecha_nacimiento, celular, id_distrito, direccion, correo, pass) VALUES ('docente', 'Elizabet', 'Edds', 32580790, '1983-06-11', 909204921, 21, '23 Towne Street', 'eedds4@google.de', 123);

-- nivel (3)
INSERT INTO niveles (nombre) VALUES ('inicial');
INSERT INTO niveles (nombre) VALUES ('primaria');
INSERT INTO niveles (nombre) VALUES ('secundaria');

-- grado (14)
-- inicial (3)
-- A
INSERT INTO grados (nombre, nivel_id) VALUES ('3 años', 1);
INSERT INTO grados (nombre, nivel_id) VALUES ('4 años', 1);
INSERT INTO grados (nombre, nivel_id) VALUES ('5 años', 1);
 -- primaria (6)
INSERT INTO grados (nombre, nivel_id) VALUES ('1ro', 2);
INSERT INTO grados (nombre, nivel_id) VALUES ('2do', 2);
INSERT INTO grados (nombre, nivel_id) VALUES ('3ro', 2);
INSERT INTO grados (nombre, nivel_id) VALUES ('4to', 2);
INSERT INTO grados (nombre, nivel_id) VALUES ('5to', 2);
INSERT INTO grados (nombre, nivel_id) VALUES ('6to', 2);
 -- secundaria (5)
INSERT INTO grados (nombre, nivel_id) VALUES ('1ro', 3);
INSERT INTO grados (nombre, nivel_id) VALUES ('2do', 3);
INSERT INTO grados (nombre, nivel_id) VALUES ('3ro', 3);
INSERT INTO grados (nombre, nivel_id) VALUES ('4to', 3);
INSERT INTO grados (nombre, nivel_id) VALUES ('5to', 3);
 
-- seccion (42)
-- inicial
-- A
INSERT INTO secciones (nombre, grado_id) VALUES ('A', 1);
INSERT INTO secciones (nombre, grado_id) VALUES ('A', 2);
INSERT INTO secciones (nombre, grado_id) VALUES ('A', 3);
-- B
INSERT INTO secciones (nombre, grado_id) VALUES ('B', 1);
INSERT INTO secciones (nombre, grado_id) VALUES ('B', 2);
INSERT INTO secciones (nombre, grado_id) VALUES ('B', 3);
-- C
INSERT INTO secciones (nombre, grado_id) VALUES ('C', 1);
INSERT INTO secciones (nombre, grado_id) VALUES ('C', 2);
INSERT INTO secciones (nombre, grado_id) VALUES ('C', 3);
		
-- primaria
-- A
INSERT INTO secciones (nombre, grado_id) VALUES ('A', 4);
INSERT INTO secciones (nombre, grado_id) VALUES ('A', 5);
INSERT INTO secciones (nombre, grado_id) VALUES ('A', 6);
INSERT INTO secciones (nombre, grado_id) VALUES ('A', 7);
INSERT INTO secciones (nombre, grado_id) VALUES ('A', 8);
INSERT INTO secciones (nombre, grado_id) VALUES ('A', 9);
-- B
INSERT INTO secciones (nombre, grado_id) VALUES ('B', 4);
INSERT INTO secciones (nombre, grado_id) VALUES ('B', 5);
INSERT INTO secciones (nombre, grado_id) VALUES ('B', 6);
INSERT INTO secciones (nombre, grado_id) VALUES ('B', 7);
INSERT INTO secciones (nombre, grado_id) VALUES ('B', 8);
INSERT INTO secciones (nombre, grado_id) VALUES ('B', 9);
-- C
INSERT INTO secciones (nombre, grado_id) VALUES ('C', 4);
INSERT INTO secciones (nombre, grado_id) VALUES ('C', 5);
INSERT INTO secciones (nombre, grado_id) VALUES ('C', 6);
INSERT INTO secciones (nombre, grado_id) VALUES ('C', 7);
INSERT INTO secciones (nombre, grado_id) VALUES ('C', 8);
INSERT INTO secciones (nombre, grado_id) VALUES ('C', 9);
-- secundaria
-- A
INSERT INTO secciones (nombre, grado_id) VALUES ('A', 10);
INSERT INTO secciones (nombre, grado_id) VALUES ('A', 11);
INSERT INTO secciones (nombre, grado_id) VALUES ('A', 12);
INSERT INTO secciones (nombre, grado_id) VALUES ('A', 13);
INSERT INTO secciones (nombre, grado_id) VALUES ('A', 14);
-- B
INSERT INTO secciones (nombre, grado_id) VALUES ('B', 10);
INSERT INTO secciones (nombre, grado_id) VALUES ('B', 11);
INSERT INTO secciones (nombre, grado_id) VALUES ('B', 12);
INSERT INTO secciones (nombre, grado_id) VALUES ('B', 13);
INSERT INTO secciones (nombre, grado_id) VALUES ('B', 14);
-- C
INSERT INTO secciones (nombre, grado_id) VALUES ('C', 10);
INSERT INTO secciones (nombre, grado_id) VALUES ('C', 11);
INSERT INTO secciones (nombre, grado_id) VALUES ('C', 12);
INSERT INTO secciones (nombre, grado_id) VALUES ('C', 13);
INSERT INTO secciones (nombre, grado_id) VALUES ('C', 14);

-- matricula ()
-- inicial ()
-- primaria ()
-- secundaria ()
insert into matriculas (fecha, nivel, grado, dni_estudiante, seccion_id) values ('2016-03-12 14:43:36', 3, 10, 61933011, 28); -- 2016 - 1ro A 
insert into matriculas (fecha, nivel, grado, dni_estudiante, seccion_id) values ('2017-03-12 14:43:36', 3, 11, 61933011, 29); -- 2017 - 2do A 
insert into matriculas (fecha, nivel, grado, dni_estudiante, seccion_id) values ('2018-03-27 00:21:02', 3, 12, 61933011, 30); -- 2018 - 3ro A
insert into matriculas (fecha, nivel, grado, dni_estudiante, seccion_id) values ('2019-02-12 08:46:26', 3, 13, 61933011, 31); -- 2019 - 4to A 
insert into matriculas (fecha, nivel, grado, dni_estudiante, seccion_id) values ('2020-03-27 00:21:02', 3, 14, 61933011, 32); -- 2020 - 5to A

-- cursos (26)
-- inicial (6) http://www.minedu.gob.pe/curriculo/pdf/programa-curricular-educacion-inicial.pdf
INSERT INTO cursos (nombre, creditos) VALUES ('PERSONAL SOCIAL','1');
INSERT INTO cursos (nombre, creditos) VALUES ('PSICOMOTRIZ','2');
INSERT INTO cursos (nombre, creditos) VALUES ('COMUNICACIÓN','3');
INSERT INTO cursos (nombre, creditos) VALUES ('DESCUBRIMIENTO DEL MUNDO','4');
INSERT INTO cursos (nombre, creditos) VALUES ('MATEMÁTICA','5');
INSERT INTO cursos (nombre, creditos) VALUES ('CIENCIA Y TECNOLOGÍA','6');
 
-- primaria (8) http://www.minedu.gob.pe/curriculo/pdf/programa-nivel-primaria-ebr.pdf
INSERT INTO cursos (nombre, creditos) VALUES ('PERSONAL SOCIAL', '7');
INSERT INTO cursos (nombre, creditos) VALUES ('EDUCACIÓN FÍSICA',	'8');
INSERT INTO cursos (nombre, creditos) VALUES ('COMUNICACIÓN', '9');
INSERT INTO cursos (nombre, creditos) VALUES ('ARTE Y CULTURA', '10');
INSERT INTO cursos (nombre, creditos) VALUES ('INGLÉS', '11');
INSERT INTO cursos (nombre, creditos) VALUES ('MATEMÁTICA', '12');
INSERT INTO cursos (nombre, creditos) VALUES ('CIENCIA Y TECNOLOGÍA', '13');
INSERT INTO cursos (nombre, creditos) VALUES ('RELIGIÓN', '14');
	
-- secundaria (12) http://www.minedu.gob.pe/curriculo/pdf/03062016-programa-nivel-secundaria-ebr.pdf
INSERT INTO cursos (nombre, creditos) VALUES ('MATEMÁTICA','15');
INSERT INTO cursos (nombre, creditos) VALUES ('COMUNICACIÓN','16');
INSERT INTO cursos (nombre, creditos) VALUES ('CIENCIA TECNOLOGÍA Y AMBIENTE','17');
INSERT INTO cursos (nombre, creditos) VALUES ('RELIGIÓN','18');
INSERT INTO cursos (nombre, creditos) VALUES ('RELACIONES HUMANAS','19');
INSERT INTO cursos (nombre, creditos) VALUES ('FORMACIÓN CIUDADANA','20');
INSERT INTO cursos (nombre, creditos) VALUES ('HISTORIA','21');
INSERT INTO cursos (nombre, creditos) VALUES ('EDUCACIÓN FÍSICA','22');
INSERT INTO cursos (nombre, creditos) VALUES ('COMPUTACIÓN','23');
INSERT INTO cursos (nombre, creditos) VALUES ('ARTE','24');
INSERT INTO cursos (nombre, creditos) VALUES ('INGLÉS','25');
INSERT INTO cursos (nombre, creditos) VALUES ('EDUCACIÓN PARA EL TRABAJO','26');
 /*
-- cursos más específicos que creo no se tomarán en cuenta
    INSERT into cursos (nombre, creditos) VALUES ('GEOGRAFÍA','');
    INSERT into cursos (nombre, creditos) VALUES ('LENGUAJE','');
    INSERT into cursos (nombre, creditos) VALUES ('LITERATURA','5');	
    INSERT into cursos (nombre, creditos) VALUES ('ÁLGEBRA','');
    INSERT into cursos (nombre, creditos) VALUES ('ARITMÉTICA','');
    INSERT into cursos (nombre, creditos) VALUES ('TRIGONOMETRÍA','');
    INSERT into cursos (nombre, creditos) VALUES ('GEOMETRÍA','5');
    INSERT into cursos (nombre, creditos) VALUES ('FÍSICA','5');
    INSERT into cursos (nombre, creditos) VALUES ('QUÍMICA','');
    */

-- malla (14)
-- inicial
-- 3
INSERT INTO mallas (curso_id, grado_id) VALUES (1, 1);
INSERT INTO mallas (curso_id, grado_id) VALUES (2, 1);
INSERT INTO mallas (curso_id, grado_id) VALUES (3, 1);
INSERT INTO mallas (curso_id, grado_id) VALUES (4, 1);
INSERT INTO mallas (curso_id, grado_id) VALUES (5, 1);
INSERT INTO mallas (curso_id, grado_id) VALUES (6, 1);
-- 4
INSERT INTO mallas (curso_id, grado_id) VALUES (1, 2);
INSERT INTO mallas (curso_id, grado_id) VALUES (2, 2);
INSERT INTO mallas (curso_id, grado_id) VALUES (3, 2);
INSERT INTO mallas (curso_id, grado_id) VALUES (4, 2);
INSERT INTO mallas (curso_id, grado_id) VALUES (5, 2);
INSERT INTO mallas (curso_id, grado_id) VALUES (6, 2);
-- 5
INSERT INTO mallas (curso_id, grado_id) VALUES (1, 3);
INSERT INTO mallas (curso_id, grado_id) VALUES (2, 3);
INSERT INTO mallas (curso_id, grado_id) VALUES (3, 3);
INSERT INTO mallas (curso_id, grado_id) VALUES (4, 3);
INSERT INTO mallas (curso_id, grado_id) VALUES (5, 3);
INSERT INTO mallas (curso_id, grado_id) VALUES (6, 3);
-- primaria
-- 1
INSERT INTO mallas (curso_id, grado_id) VALUES (7, 4);
INSERT INTO mallas (curso_id, grado_id) VALUES (8, 4);
INSERT INTO mallas (curso_id, grado_id) VALUES (9, 4);
INSERT INTO mallas (curso_id, grado_id) VALUES (10, 4);
INSERT INTO mallas (curso_id, grado_id) VALUES (11, 4);
INSERT INTO mallas (curso_id, grado_id) VALUES (12, 4);
INSERT INTO mallas (curso_id, grado_id) VALUES (13, 4);
INSERT INTO mallas (curso_id, grado_id) VALUES (14, 4);
-- 2
INSERT INTO mallas (curso_id, grado_id) VALUES (7, 5);
INSERT INTO mallas (curso_id, grado_id) VALUES (8, 5);
INSERT INTO mallas (curso_id, grado_id) VALUES (9, 5);
INSERT INTO mallas (curso_id, grado_id) VALUES (10, 5);
INSERT INTO mallas (curso_id, grado_id) VALUES (11, 5);
INSERT INTO mallas (curso_id, grado_id) VALUES (12, 5);
INSERT INTO mallas (curso_id, grado_id) VALUES (13, 5);
INSERT INTO mallas (curso_id, grado_id) VALUES (14, 5);
-- 3
INSERT INTO mallas (curso_id, grado_id) VALUES (7, 6);
INSERT INTO mallas (curso_id, grado_id) VALUES (8, 6);
INSERT INTO mallas (curso_id, grado_id) VALUES (9, 6);
INSERT INTO mallas (curso_id, grado_id) VALUES (10, 6);
INSERT INTO mallas (curso_id, grado_id) VALUES (11, 6);
INSERT INTO mallas (curso_id, grado_id) VALUES (12, 6);
INSERT INTO mallas (curso_id, grado_id) VALUES (13, 6);
INSERT INTO mallas (curso_id, grado_id) VALUES (14, 6);
-- 4
INSERT INTO mallas (curso_id, grado_id) VALUES (7, 7);
INSERT INTO mallas (curso_id, grado_id) VALUES (8, 7);
INSERT INTO mallas (curso_id, grado_id) VALUES (9, 7);
INSERT INTO mallas (curso_id, grado_id) VALUES (10, 7);
INSERT INTO mallas (curso_id, grado_id) VALUES (11, 7);
INSERT INTO mallas (curso_id, grado_id) VALUES (12, 7);
INSERT INTO mallas (curso_id, grado_id) VALUES (13, 7);
INSERT INTO mallas (curso_id, grado_id) VALUES (14, 7);
-- 5
INSERT INTO mallas (curso_id, grado_id) VALUES (7, 8);
INSERT INTO mallas (curso_id, grado_id) VALUES (8, 8);
INSERT INTO mallas (curso_id, grado_id) VALUES (9, 8);
INSERT INTO mallas (curso_id, grado_id) VALUES (10, 8);
INSERT INTO mallas (curso_id, grado_id) VALUES (11, 8);
INSERT INTO mallas (curso_id, grado_id) VALUES (12, 8);
INSERT INTO mallas (curso_id, grado_id) VALUES (13, 8);
INSERT INTO mallas (curso_id, grado_id) VALUES (14, 8);
-- 6
INSERT INTO mallas (curso_id, grado_id) VALUES (7, 9);
INSERT INTO mallas (curso_id, grado_id) VALUES (8, 9);
INSERT INTO mallas (curso_id, grado_id) VALUES (9, 9);
INSERT INTO mallas (curso_id, grado_id) VALUES (10, 9);
INSERT INTO mallas (curso_id, grado_id) VALUES (11, 9);
INSERT INTO mallas (curso_id, grado_id) VALUES (12, 9);
INSERT INTO mallas (curso_id, grado_id) VALUES (13, 9);
INSERT INTO mallas (curso_id, grado_id) VALUES (14, 9);
-- secundaria
-- 1
INSERT INTO mallas (curso_id, grado_id) VALUES (15, 10);
INSERT INTO mallas (curso_id, grado_id) VALUES (16, 10);
INSERT INTO mallas (curso_id, grado_id) VALUES (17, 10);
INSERT INTO mallas (curso_id, grado_id) VALUES (18, 10);
INSERT INTO mallas (curso_id, grado_id) VALUES (19, 10);
INSERT INTO mallas (curso_id, grado_id) VALUES (20, 10);
INSERT INTO mallas (curso_id, grado_id) VALUES (21, 10);
INSERT INTO mallas (curso_id, grado_id) VALUES (22, 10);
INSERT INTO mallas (curso_id, grado_id) VALUES (23, 10);
INSERT INTO mallas (curso_id, grado_id) VALUES (24, 10);
INSERT INTO mallas (curso_id, grado_id) VALUES (25, 10);
INSERT INTO mallas (curso_id, grado_id) VALUES (26, 10);
-- 2
INSERT INTO mallas (curso_id, grado_id) VALUES (15, 11);
INSERT INTO mallas (curso_id, grado_id) VALUES (16, 11);
INSERT INTO mallas (curso_id, grado_id) VALUES (17, 11);
INSERT INTO mallas (curso_id, grado_id) VALUES (18, 11);
INSERT INTO mallas (curso_id, grado_id) VALUES (19, 11);
INSERT INTO mallas (curso_id, grado_id) VALUES (20, 11);
INSERT INTO mallas (curso_id, grado_id) VALUES (21, 11);
INSERT INTO mallas (curso_id, grado_id) VALUES (22, 11);
INSERT INTO mallas (curso_id, grado_id) VALUES (23, 11);
INSERT INTO mallas (curso_id, grado_id) VALUES (24, 11);
INSERT INTO mallas (curso_id, grado_id) VALUES (25, 11);
INSERT INTO mallas (curso_id, grado_id) VALUES (26, 11);
-- 3
INSERT INTO mallas (curso_id, grado_id) VALUES (15, 12);
INSERT INTO mallas (curso_id, grado_id) VALUES (16, 12);
INSERT INTO mallas (curso_id, grado_id) VALUES (17, 12);
INSERT INTO mallas (curso_id, grado_id) VALUES (18, 12);
INSERT INTO mallas (curso_id, grado_id) VALUES (19, 12);
INSERT INTO mallas (curso_id, grado_id) VALUES (20, 12);
INSERT INTO mallas (curso_id, grado_id) VALUES (21, 12);
INSERT INTO mallas (curso_id, grado_id) VALUES (22, 12);
INSERT INTO mallas (curso_id, grado_id) VALUES (23, 12);
INSERT INTO mallas (curso_id, grado_id) VALUES (24, 12);
INSERT INTO mallas (curso_id, grado_id) VALUES (25, 12);
INSERT INTO mallas (curso_id, grado_id) VALUES (26, 12);
-- 4
INSERT INTO mallas (curso_id, grado_id) VALUES (15, 13);
INSERT INTO mallas (curso_id, grado_id) VALUES (16, 13);
INSERT INTO mallas (curso_id, grado_id) VALUES (17, 13);
INSERT INTO mallas (curso_id, grado_id) VALUES (18, 13);
INSERT INTO mallas (curso_id, grado_id) VALUES (19, 13);
INSERT INTO mallas (curso_id, grado_id) VALUES (20, 13);
INSERT INTO mallas (curso_id, grado_id) VALUES (21, 13);
INSERT INTO mallas (curso_id, grado_id) VALUES (22, 13);
INSERT INTO mallas (curso_id, grado_id) VALUES (23, 13);
INSERT INTO mallas (curso_id, grado_id) VALUES (24, 13);
INSERT INTO mallas (curso_id, grado_id) VALUES (25, 13);
INSERT INTO mallas (curso_id, grado_id) VALUES (26, 13);
-- 5
INSERT INTO mallas (curso_id, grado_id) VALUES (15, 14);
INSERT INTO mallas (curso_id, grado_id) VALUES (16, 14);
INSERT INTO mallas (curso_id, grado_id) VALUES (17, 14);
INSERT INTO mallas (curso_id, grado_id) VALUES (18, 14);
INSERT INTO mallas (curso_id, grado_id) VALUES (19, 14);
INSERT INTO mallas (curso_id, grado_id) VALUES (20, 14);
INSERT INTO mallas (curso_id, grado_id) VALUES (21, 14);
INSERT INTO mallas (curso_id, grado_id) VALUES (22, 14);
INSERT INTO mallas (curso_id, grado_id) VALUES (23, 14);
INSERT INTO mallas (curso_id, grado_id) VALUES (24, 14);
INSERT INTO mallas (curso_id, grado_id) VALUES (25, 14);
INSERT INTO mallas (curso_id, grado_id) VALUES (26, 14);
		
-- nota ()
-- 61933011 - 1ro A (cursos 15-26)
insert into notas (curso_id, nota1, nota2, nota3, fecha, dni_estudiante) values (15, 15, 14, 14, '2016-11-13', 61933011);
insert into notas (curso_id, nota1, nota2, nota3, fecha, dni_estudiante) values (16, 11, 15, 12, '2016-11-14', 61933011);
insert into notas (curso_id, nota1, nota2, nota3, fecha, dni_estudiante) values (17, 19, 14, 14, '2016-11-28', 61933011);
insert into notas (curso_id, nota1, nota2, nota3, fecha, dni_estudiante) values (18, 11, 10, 19, '2016-11-23', 61933011);
insert into notas (curso_id, nota1, nota2, nota3, fecha, dni_estudiante) values (19, 19, 17, 20, '2016-08-28', 61933011);
insert into notas (curso_id, nota1, nota2, nota3, fecha, dni_estudiante) values (20, 12, 16, 14, '2016-09-08', 61933011);
insert into notas (curso_id, nota1, nota2, nota3, fecha, dni_estudiante) values (21, 14, 20, 19, '2016-10-10', 61933011);
insert into notas (curso_id, nota1, nota2, nota3, fecha, dni_estudiante) values (22, 12, 11, 14, '2016-08-26', 61933011);
insert into notas (curso_id, nota1, nota2, nota3, fecha, dni_estudiante) values (23, 10, 16, 16, '2016-08-20', 61933011);
insert into notas (curso_id, nota1, nota2, nota3, fecha, dni_estudiante) values (24, 16, 14, 19, '2016-09-18', 61933011);
insert into notas (curso_id, nota1, nota2, nota3, fecha, dni_estudiante) values (25, 15, 10, 18, '2016-09-08', 61933011);
insert into notas (curso_id, nota1, nota2, nota3, fecha, dni_estudiante) values (26, 16, 10, 12, '2016-11-12', 61933011);
-- 61933011 - 2do A (cursos 15-26)
insert into notas (curso_id, nota1, nota2, nota3, fecha, dni_estudiante) values (15, 20, 18, 15, '2017-09-28', 61933011);
insert into notas (curso_id, nota1, nota2, nota3, fecha, dni_estudiante) values (16, 17, 19, 13, '2017-09-08', 61933011);
insert into notas (curso_id, nota1, nota2, nota3, fecha, dni_estudiante) values (17, 17, 13, 18, '2017-09-01', 61933011);
insert into notas (curso_id, nota1, nota2, nota3, fecha, dni_estudiante) values (18, 20, 13, 11, '2017-10-24', 61933011);
insert into notas (curso_id, nota1, nota2, nota3, fecha, dni_estudiante) values (19, 13, 10, 17, '2017-09-27', 61933011);
insert into notas (curso_id, nota1, nota2, nota3, fecha, dni_estudiante) values (20, 10, 20, 11, '2017-09-03', 61933011);
insert into notas (curso_id, nota1, nota2, nota3, fecha, dni_estudiante) values (21, 13, 17, 10, '2017-11-03', 61933011);
insert into notas (curso_id, nota1, nota2, nota3, fecha, dni_estudiante) values (22, 18, 19, 14, '2017-10-06', 61933011);
insert into notas (curso_id, nota1, nota2, nota3, fecha, dni_estudiante) values (23, 16, 11, 10, '2017-09-04', 61933011);
insert into notas (curso_id, nota1, nota2, nota3, fecha, dni_estudiante) values (24, 14, 14, 18, '2017-09-20', 61933011);
insert into notas (curso_id, nota1, nota2, nota3, fecha, dni_estudiante) values (25, 11, 15, 14, '2017-11-01', 61933011);
insert into notas (curso_id, nota1, nota2, nota3, fecha, dni_estudiante) values (26, 20, 10, 10, '2017-11-09', 61933011);
-- 61933011 - 3ro A (cursos 15-26)
insert into notas (curso_id, nota1, nota2, nota3, fecha, dni_estudiante) values (15, 19, 13, 20, '2018-11-21', 61933011);
insert into notas (curso_id, nota1, nota2, nota3, fecha, dni_estudiante) values (16, 13, 13, 10, '2018-11-30', 61933011);
insert into notas (curso_id, nota1, nota2, nota3, fecha, dni_estudiante) values (17, 13, 11, 11, '2018-10-01', 61933011);
insert into notas (curso_id, nota1, nota2, nota3, fecha, dni_estudiante) values (18, 18, 11, 12, '2018-08-30', 61933011);
insert into notas (curso_id, nota1, nota2, nota3, fecha, dni_estudiante) values (19, 14, 13, 12, '2018-10-30', 61933011);
insert into notas (curso_id, nota1, nota2, nota3, fecha, dni_estudiante) values (20, 15, 17, 14, '2018-08-22', 61933011);
insert into notas (curso_id, nota1, nota2, nota3, fecha, dni_estudiante) values (21, 13, 20, 19, '2018-10-05', 61933011);
insert into notas (curso_id, nota1, nota2, nota3, fecha, dni_estudiante) values (22, 20, 15, 13, '2018-12-06', 61933011);
insert into notas (curso_id, nota1, nota2, nota3, fecha, dni_estudiante) values (23, 13, 12, 12, '2018-09-01', 61933011);
insert into notas (curso_id, nota1, nota2, nota3, fecha, dni_estudiante) values (24, 16, 10, 11, '2018-10-21', 61933011);
insert into notas (curso_id, nota1, nota2, nota3, fecha, dni_estudiante) values (25, 10, 16, 19, '2018-08-20', 61933011);
insert into notas (curso_id, nota1, nota2, nota3, fecha, dni_estudiante) values (26, 12, 18, 11, '2018-09-26', 61933011);
-- 61933011 - 4to A (cursos 15-26)
insert into notas (curso_id, nota1, nota2, nota3, fecha, dni_estudiante) values (15, 13, 19, 18, '2019-09-17', 61933011);
insert into notas (curso_id, nota1, nota2, nota3, fecha, dni_estudiante) values (16, 13, 16, 17, '2019-12-03', 61933011);
insert into notas (curso_id, nota1, nota2, nota3, fecha, dni_estudiante) values (17, 14, 19, 17, '2019-10-16', 61933011);
insert into notas (curso_id, nota1, nota2, nota3, fecha, dni_estudiante) values (18, 10, 20, 17, '2019-11-14', 61933011);
insert into notas (curso_id, nota1, nota2, nota3, fecha, dni_estudiante) values (19, 16, 11, 13, '2019-10-21', 61933011);
insert into notas (curso_id, nota1, nota2, nota3, fecha, dni_estudiante) values (20, 12, 12, 19, '2019-10-03', 61933011);
insert into notas (curso_id, nota1, nota2, nota3, fecha, dni_estudiante) values (21, 12, 16, 18, '2019-10-21', 61933011);
insert into notas (curso_id, nota1, nota2, nota3, fecha, dni_estudiante) values (22, 10, 18, 20, '2019-11-25', 61933011);
insert into notas (curso_id, nota1, nota2, nota3, fecha, dni_estudiante) values (23, 10, 15, 12, '2019-10-26', 61933011);
insert into notas (curso_id, nota1, nota2, nota3, fecha, dni_estudiante) values (24, 17, 16, 10, '2019-10-26', 61933011);
insert into notas (curso_id, nota1, nota2, nota3, fecha, dni_estudiante) values (25, 12, 18, 19, '2019-09-18', 61933011);
insert into notas (curso_id, nota1, nota2, nota3, fecha, dni_estudiante) values (26, 17, 20, 10, '2019-12-06', 61933011);
-- 61933011 - 5to A (cursos 15-26)
insert into notas (curso_id, nota1, nota2, nota3, fecha, dni_estudiante) values (15, 18, 20, 14, '2020-02-27', 61933011);
insert into notas (curso_id, nota1, nota2, nota3, fecha, dni_estudiante) values (16, 20, 17, 14, '2020-03-03', 61933011);
insert into notas (curso_id, nota1, nota2, nota3, fecha, dni_estudiante) values (17, 13, 15, 16, '2020-01-30', 61933011);
insert into notas (curso_id, nota1, nota2, nota3, fecha, dni_estudiante) values (18, 19, 20, 17, '2020-01-24', 61933011);
insert into notas (curso_id, nota1, nota2, nota3, fecha, dni_estudiante) values (19, 17, 16, 13, '2020-01-05', 61933011);
insert into notas (curso_id, nota1, nota2, nota3, fecha, dni_estudiante) values (20, 18, 17, 16, '2020-01-12', 61933011);
insert into notas (curso_id, nota1, nota2, nota3, fecha, dni_estudiante) values (21, 16, 16, 17, '2020-01-06', 61933011);
insert into notas (curso_id, nota1, nota2, nota3, fecha, dni_estudiante) values (22, 18, 19, 16, '2020-01-18', 61933011);
insert into notas (curso_id, nota1, nota2, nota3, fecha, dni_estudiante) values (23, 17, 20, 13, '2020-02-06', 61933011);
insert into notas (curso_id, nota1, nota2, nota3, fecha, dni_estudiante) values (24, 14, 16, 16, '2020-12-25', 61933011);
insert into notas (curso_id, nota1, nota2, nota3, fecha, dni_estudiante) values (25, 13, 16, 14, '2020-01-06', 61933011);
insert into notas (curso_id, nota1, nota2, nota3, fecha, dni_estudiante) values (26, 17, 19, 14, '2020-12-11', 61933011);

-- horario_cabecera ()
INSERT INTO horario_cabecera (estado, seccion_id) VALUES (1, 32);

-- horario_detalle ()
INSERT INTO horario_detalle (dia, hora_inicio, hora_fin, curso_id, horario_cabecera_id) VALUES ('LUNES','7:00:00','9:15:00',16,1);
INSERT INTO horario_detalle (dia, hora_inicio, hora_fin, curso_id, horario_cabecera_id) VALUES ('LUNES','10:00:00','11:30:00',18,1);
INSERT INTO horario_detalle (dia, hora_inicio, hora_fin, curso_id, horario_cabecera_id) VALUES ('MARTES','7:00:00','9:15:00',17,1);
INSERT INTO horario_detalle (dia, hora_inicio, hora_fin, curso_id, horario_cabecera_id) VALUES ('MARTES','10:00:00','12:15:00',26,1);
INSERT INTO horario_detalle (dia, hora_inicio, hora_fin, curso_id, horario_cabecera_id) VALUES ('MIÉRCOLES','7:00:00','8:30:00',22,1);
INSERT INTO horario_detalle (dia, hora_inicio, hora_fin, curso_id, horario_cabecera_id) VALUES ('MIÉRCOLES','8:30:00','9:15:00',24,1);
INSERT INTO horario_detalle (dia, hora_inicio, hora_fin, curso_id, horario_cabecera_id) VALUES ('MIÉRCOLES','10:00:00','11:30:00',20,1);
INSERT INTO horario_detalle (dia, hora_inicio, hora_fin, curso_id, horario_cabecera_id) VALUES ('JUEVES','7:00:00','8:30:00',19,1);
INSERT INTO horario_detalle (dia, hora_inicio, hora_fin, curso_id, horario_cabecera_id) VALUES ('JUEVES','8:30:00','9:15:00',23,1);
INSERT INTO horario_detalle (dia, hora_inicio, hora_fin, curso_id, horario_cabecera_id) VALUES ('JUEVES','10:00:00','11:30:00',25,1);
INSERT INTO horario_detalle (dia, hora_inicio, hora_fin, curso_id, horario_cabecera_id) VALUES ('VIERNES','7:00:00','9:15:00',1,1);
INSERT INTO horario_detalle (dia, hora_inicio, hora_fin, curso_id, horario_cabecera_id) VALUES ('VIERNES','10:00:00','11:30:00',21,1);



-- asistencia ()
insert into asistencias (asistencia, estado, dni_estudiante, horario_detalle_id) values ('2020-11-02 14:27:39', true, 61933011, 1);
insert into asistencias (asistencia, estado, dni_estudiante, horario_detalle_id) values ('2020-11-02 23:30:55', true, 61933011, 2);
insert into asistencias (asistencia, estado, dni_estudiante, horario_detalle_id) values ('2020-11-03 05:50:37', true, 61933011, 3);
insert into asistencias (asistencia, estado, dni_estudiante, horario_detalle_id) values ('2020-11-03 11:01:14', true, 61933011, 4);
insert into asistencias (asistencia, estado, dni_estudiante, horario_detalle_id) values ('2020-11-04 06:44:05', true, 61933011, 5);
insert into asistencias (asistencia, estado, dni_estudiante, horario_detalle_id) values ('2020-11-04 13:04:11', true, 61933011, 6);
insert into asistencias (asistencia, estado, dni_estudiante, horario_detalle_id) values ('2020-11-04 05:30:57', true, 61933011, 7);
insert into asistencias (asistencia, estado, dni_estudiante, horario_detalle_id) values ('2020-11-05 06:56:00', true, 61933011, 8);
insert into asistencias (asistencia, estado, dni_estudiante, horario_detalle_id) values ('2020-11-05 00:47:49', true, 61933011, 9);
insert into asistencias (asistencia, estado, dni_estudiante, horario_detalle_id) values ('2020-11-06 21:38:01', true, 61933011, 10);
insert into asistencias (asistencia, estado, dni_estudiante, horario_detalle_id) values ('2020-11-06 02:32:15', true, 61933011, 11);
--
insert into asistencias (asistencia, estado, dni_estudiante, horario_detalle_id) values ('2020-11-09 14:27:39', true, 61933011, 1);
insert into asistencias (asistencia, estado, dni_estudiante, horario_detalle_id) values ('2020-11-09 23:30:55', true, 61933011, 2);
insert into asistencias (asistencia, estado, dni_estudiante, horario_detalle_id) values ('2020-11-10 05:50:37', true, 61933011, 3);
insert into asistencias (asistencia, estado, dni_estudiante, horario_detalle_id) values ('2020-11-10 11:01:14', true, 61933011, 4);
insert into asistencias (asistencia, estado, dni_estudiante, horario_detalle_id) values ('2020-11-11 06:44:05', true, 61933011, 5);
insert into asistencias (asistencia, estado, dni_estudiante, horario_detalle_id) values ('2020-11-11 13:04:11', true, 61933011, 6);
insert into asistencias (asistencia, estado, dni_estudiante, horario_detalle_id) values ('2020-11-11 05:30:57', true, 61933011, 7);
insert into asistencias (asistencia, estado, dni_estudiante, horario_detalle_id) values ('2020-11-12 06:56:00', true, 61933011, 8);
insert into asistencias (asistencia, estado, dni_estudiante, horario_detalle_id) values ('2020-11-12 00:47:49', true, 61933011, 9);
insert into asistencias (asistencia, estado, dni_estudiante, horario_detalle_id) values ('2020-11-13 21:38:01', true, 61933011, 10);
insert into asistencias (asistencia, estado, dni_estudiante, horario_detalle_id) values ('2020-11-13 02:32:15', true, 61933011, 11);
--
insert into asistencias (asistencia, estado, dni_estudiante, horario_detalle_id) values ('2020-11-16 14:27:39', false, 61933011, 1);
insert into asistencias (asistencia, estado, dni_estudiante, horario_detalle_id) values ('2020-11-16 23:30:55', false, 61933011, 2);
insert into asistencias (asistencia, estado, dni_estudiante, horario_detalle_id) values ('2020-11-17 05:50:37', true, 61933011, 3);
insert into asistencias (asistencia, estado, dni_estudiante, horario_detalle_id) values ('2020-11-17 11:01:14', true, 61933011, 4);
insert into asistencias (asistencia, estado, dni_estudiante, horario_detalle_id) values ('2020-11-18 06:44:05', true, 61933011, 5);
insert into asistencias (asistencia, estado, dni_estudiante, horario_detalle_id) values ('2020-11-18 13:04:11', true, 61933011, 6);
insert into asistencias (asistencia, estado, dni_estudiante, horario_detalle_id) values ('2020-11-18 05:30:57', true, 61933011, 7);
insert into asistencias (asistencia, estado, dni_estudiante, horario_detalle_id) values ('2020-11-19 06:56:00', true, 61933011, 8);
insert into asistencias (asistencia, estado, dni_estudiante, horario_detalle_id) values ('2020-11-19 00:47:49', true, 61933011, 9);
insert into asistencias (asistencia, estado, dni_estudiante, horario_detalle_id) values ('2020-11-20 21:38:01', true, 61933011, 10);
insert into asistencias (asistencia, estado, dni_estudiante, horario_detalle_id) values ('2020-11-20 02:32:15', true, 61933011, 11);
--
insert into asistencias (asistencia, estado, dni_estudiante, horario_detalle_id) values ('2020-11-24 14:27:39', true, 61933011, 1);
insert into asistencias (asistencia, estado, dni_estudiante, horario_detalle_id) values ('2020-11-24 23:30:55', true, 61933011, 2);
insert into asistencias (asistencia, estado, dni_estudiante, horario_detalle_id) values ('2020-11-25 05:50:37', false, 61933011, 3);
insert into asistencias (asistencia, estado, dni_estudiante, horario_detalle_id) values ('2020-11-25 11:01:14', false, 61933011, 4);
insert into asistencias (asistencia, estado, dni_estudiante, horario_detalle_id) values ('2020-11-26 06:44:05', false, 61933011, 5);
insert into asistencias (asistencia, estado, dni_estudiante, horario_detalle_id) values ('2020-11-26 13:04:11', false, 61933011, 6);
insert into asistencias (asistencia, estado, dni_estudiante, horario_detalle_id) values ('2020-11-26 05:30:57', false, 61933011, 7);
insert into asistencias (asistencia, estado, dni_estudiante, horario_detalle_id) values ('2020-11-27 06:56:00', true, 61933011, 8);
insert into asistencias (asistencia, estado, dni_estudiante, horario_detalle_id) values ('2020-11-27 00:47:49', true, 61933011, 9);
insert into asistencias (asistencia, estado, dni_estudiante, horario_detalle_id) values ('2020-11-28 21:38:01', true, 61933011, 10);
insert into asistencias (asistencia, estado, dni_estudiante, horario_detalle_id) values ('2020-11-28 02:32:15', true, 61933011, 11);
--
insert into asistencias (asistencia, estado, dni_estudiante, horario_detalle_id) values ('2020-11-30 20:55:01', false, 61933011, 1);
insert into asistencias (asistencia, estado, dni_estudiante, horario_detalle_id) values ('2020-11-30 04:03:28', false, 61933011, 2);
insert into asistencias (asistencia, estado, dni_estudiante, horario_detalle_id) values ('2020-12-01 15:48:07', true, 61933011, 3);
insert into asistencias (asistencia, estado, dni_estudiante, horario_detalle_id) values ('2020-12-01 14:37:23', true, 61933011, 4);
insert into asistencias (asistencia, estado, dni_estudiante, horario_detalle_id) values ('2020-12-02 01:39:04', true, 61933011, 5);
insert into asistencias (asistencia, estado, dni_estudiante, horario_detalle_id) values ('2020-12-02 00:36:29', true, 61933011, 6);
insert into asistencias (asistencia, estado, dni_estudiante, horario_detalle_id) values ('2020-12-02 05:46:40', true, 61933011, 7);
insert into asistencias (asistencia, estado, dni_estudiante, horario_detalle_id) values ('2020-12-03 03:02:21', true, 61933011, 8);
insert into asistencias (asistencia, estado, dni_estudiante, horario_detalle_id) values ('2020-12-03 22:14:54', true, 61933011, 9);
insert into asistencias (asistencia, estado, dni_estudiante, horario_detalle_id) values ('2020-12-04 05:52:13', false, 61933011, 10);
insert into asistencias (asistencia, estado, dni_estudiante, horario_detalle_id) values ('2020-12-04 05:28:18', false, 61933011, 11);

-- justificion ()
-- citaciones ()
-- permisos ()
-- comunicados ()

