use bd_mpb;

-- distrito (43)
insert into distrito (nombre) values ('LIMA');
insert into distrito (nombre) values ('ANCÓN');
insert into distrito (nombre) values ('ATE');
insert into distrito (nombre) values ('BARRANCO');
insert into distrito (nombre) values ('BREÑA');
insert into distrito (nombre) values ('CARABAYLLO');
insert into distrito (nombre) values ('CHACLACAYO');
insert into distrito (nombre) values ('CHORRILLOS');
insert into distrito (nombre) values ('CIENEGUILLA');
insert into distrito (nombre) values ('COMAS');
insert into distrito (nombre) values ('EL AGUSTINO');
insert into distrito (nombre) values ('INDEPENDENCIA');
insert into distrito (nombre) values ('JESÚS MARÍA');
insert into distrito (nombre) values ('LA MOLINA');
insert into distrito (nombre) values ('LA VICTORIA');
insert into distrito (nombre) values ('LINCE');
insert into distrito (nombre) values ('LOS OLIVOS');
insert into distrito (nombre) values ('LURIGANCHO');
insert into distrito (nombre) values ('LURÍN');
insert into distrito (nombre) values ('MAGDALENA DEL MAR');
insert into distrito (nombre) values ('PUEBLO LIBRE');
insert into distrito (nombre) values ('MIRAFLORES');
insert into distrito (nombre) values ('PACHACAMAC');
insert into distrito (nombre) values ('PUCUSANA');
insert into distrito (nombre) values ('PUENTE PIEDRA');
insert into distrito (nombre) values ('PUNTA HERMOSA');
insert into distrito (nombre) values ('PUNTA NEGRA');
insert into distrito (nombre) values ('RÍMAC');
insert into distrito (nombre) values ('SAN BARTOLO');
insert into distrito (nombre) values ('SAN BORJA');
insert into distrito (nombre) values ('SAN ISIDRO');
insert into distrito (nombre) values ('SAN JUAN DE LURIGANCHO');
insert into distrito (nombre) values ('SAN JUAN DE MIRAFLORES');
insert into distrito (nombre) values ('SAN LUIS');
insert into distrito (nombre) values ('SAN MARTÍN DE PORRES');
insert into distrito (nombre) values ('SAN MIGUEL');
insert into distrito (nombre) values ('SANTA ANITA');
insert into distrito (nombre) values ('SANTA MARÍA DEL MAR');
insert into distrito (nombre) values ('SANTA ROSA');
insert into distrito (nombre) values ('SANTIAGO DE SURCO');
insert into distrito (nombre) values ('SURQUILLO');
insert into distrito (nombre) values ('VILLA EL SALVADOR');
insert into distrito (nombre) values ('VILLA MARÍA DEL TRIUNFO');

-- apoderado (36)
insert into apoderado (id_apoderado, nombres, apellidos, dni, celular, pass) values (1, 'Violetta', 'Guynemer', 41557661, 943566113, 123);
insert into apoderado (id_apoderado, nombres, apellidos, dni, celular, pass) values (2, 'Osborn', 'Dunnan', 65594356, 942991029, 123);
insert into apoderado (id_apoderado, nombres, apellidos, dni, celular, pass) values (3, 'Sherlock', 'Grayson', 67912682, 922746407, 123);
insert into apoderado (id_apoderado, nombres, apellidos, dni, celular, pass) values (4, 'Torre', 'Mottinelli', 77548029, 927370544, 123);
insert into apoderado (id_apoderado, nombres, apellidos, dni, celular, pass) values (5, 'Dorene', 'Fontes', 59398590, 944372642, 123);
insert into apoderado (id_apoderado, nombres, apellidos, dni, celular, pass) values (6, 'Natalee', 'Lideard', 70732201, 932948406, 123);
insert into apoderado (id_apoderado, nombres, apellidos, dni, celular, pass) values (7, 'Patrica', 'Perry', 44231548, 936503651, 123);
insert into apoderado (id_apoderado, nombres, apellidos, dni, celular, pass) values (8, 'Beverley', 'Camings', 65323072, 924309727, 123);
insert into apoderado (id_apoderado, nombres, apellidos, dni, celular, pass) values (9, 'Wayland', 'Duplan', 67816070, 948233199, 123);
insert into apoderado (id_apoderado, nombres, apellidos, dni, celular, pass) values (10, 'Isaac', 'Bradick', 76554561, 948176137, 123);
insert into apoderado (id_apoderado, nombres, apellidos, dni, celular, pass) values (11, 'Joellen', 'Pauling', 66536117, 929845634, 123);
insert into apoderado (id_apoderado, nombres, apellidos, dni, celular, pass) values (12, 'Curry', 'Harverson', 54258217, 929171484, 123);
insert into apoderado (id_apoderado, nombres, apellidos, dni, celular, pass) values (13, 'Ikey', 'Rabjohn', 46082616, 936723945, 123);
insert into apoderado (id_apoderado, nombres, apellidos, dni, celular, pass) values (14, 'Uriel', 'Bubeer', 60293318, 928948934, 123);
insert into apoderado (id_apoderado, nombres, apellidos, dni, celular, pass) values (15, 'Blondy', 'Pallant', 50535936, 920744852, 123);
insert into apoderado (id_apoderado, nombres, apellidos, dni, celular, pass) values (16, 'Ringo', 'Yoodall', 74117310, 931741426, 123);
insert into apoderado (id_apoderado, nombres, apellidos, dni, celular, pass) values (17, 'Aubrey', 'Burless', 76304337, 943673761, 123);
insert into apoderado (id_apoderado, nombres, apellidos, dni, celular, pass) values (18, 'Ingmar', 'Carleman', 74237598, 947128633, 123);
insert into apoderado (id_apoderado, nombres, apellidos, dni, celular, pass) values (19, 'Pierrette', 'Mullins', 40346224, 920819629, 123);
insert into apoderado (id_apoderado, nombres, apellidos, dni, celular, pass) values (20, 'Barb', 'Eefting', 58511710, 949189151, 123);
insert into apoderado (id_apoderado, nombres, apellidos, dni, celular, pass) values (21, 'Ned', 'Crummy', 62491864, 948823234, 123);
insert into apoderado (id_apoderado, nombres, apellidos, dni, celular, pass) values (22, 'Willem', 'Dowsett', 57675020, 948580329, 123);
insert into apoderado (id_apoderado, nombres, apellidos, dni, celular, pass) values (23, 'Lorant', 'Mount', 43374312, 922939694, 123);
insert into apoderado (id_apoderado, nombres, apellidos, dni, celular, pass) values (24, 'Willi', 'Izhak', 52618688, 933843590, 123);
insert into apoderado (id_apoderado, nombres, apellidos, dni, celular, pass) values (25, 'Hephzibah', 'Ordish', 54253940, 945610999, 123);
insert into apoderado (id_apoderado, nombres, apellidos, dni, celular, pass) values (26, 'Rogerio', 'Oger', 41412761, 944252215, 123);
insert into apoderado (id_apoderado, nombres, apellidos, dni, celular, pass) values (27, 'Fidelia', 'Roffey', 57230081, 942121975, 123);
insert into apoderado (id_apoderado, nombres, apellidos, dni, celular, pass) values (28, 'Arlen', 'Bonavia', 61656451, 947023143, 123);
insert into apoderado (id_apoderado, nombres, apellidos, dni, celular, pass) values (29, 'Frasco', 'Kemmis', 42627339, 938858451, 123);
insert into apoderado (id_apoderado, nombres, apellidos, dni, celular, pass) values (30, 'Antons', 'Commings', 54726933, 931750009, 123);
insert into apoderado (id_apoderado, nombres, apellidos, dni, celular, pass) values (31, 'Yorgos', 'Everett', 54783630, 924234058, 123);
insert into apoderado (id_apoderado, nombres, apellidos, dni, celular, pass) values (32, 'Cly', 'Cavey', 69049174, 948848106, 123);
insert into apoderado (id_apoderado, nombres, apellidos, dni, celular, pass) values (33, 'Pedro', 'Basterfield', 67671392, 945662415, 123);
insert into apoderado (id_apoderado, nombres, apellidos, dni, celular, pass) values (34, 'Tabbitha', 'Ephgrave', 51813680, 940878994, 123);
insert into apoderado (id_apoderado, nombres, apellidos, dni, celular, pass) values (35, 'Lyndsay', 'Carpenter', 48974607, 947988936, 123);
insert into apoderado (id_apoderado, nombres, apellidos, dni, celular, pass) values (36, 'Idalia', 'Kimmerling', 43345375, 944889570, 123);

-- nivel (3)
insert into nivel (nombre) values ('inicial');
insert into nivel (nombre) values ('primaria');
insert into nivel (nombre) values ('secundaria');

-- grado (36)
	-- inicial (3)
	insert into grado (nombre, id_nivel) values ('3 años', 1);
	insert into grado (nombre, id_nivel) values ('4 años', 1);
	insert into grado (nombre, id_nivel) values ('5 años', 1);
    -- primaria (15)
		-- A 
		insert into grado (nombre, id_nivel) values ('1ro', 2);
		insert into grado (nombre, id_nivel) values ('2do', 2);
		insert into grado (nombre, id_nivel) values ('3ro', 2);
		insert into grado (nombre, id_nivel) values ('4to', 2);
		insert into grado (nombre, id_nivel) values ('5to', 2);
		-- B
		insert into grado (nombre, id_nivel) values ('1ro', 2);
		insert into grado (nombre, id_nivel) values ('2do', 2);
		insert into grado (nombre, id_nivel) values ('3ro', 2);
		insert into grado (nombre, id_nivel) values ('4to', 2);
		insert into grado (nombre, id_nivel) values ('5to', 2);
		-- C
		insert into grado (nombre, id_nivel) values ('1ro', 2);
		insert into grado (nombre, id_nivel) values ('2do', 2);
		insert into grado (nombre, id_nivel) values ('3ro', 2);
		insert into grado (nombre, id_nivel) values ('4to', 2);
		insert into grado (nombre, id_nivel) values ('5to', 2);
    -- secundaria (15)
		-- A
		insert into grado (nombre, id_nivel) values ('1ro', 3);
		insert into grado (nombre, id_nivel) values ('2do', 3);
		insert into grado (nombre, id_nivel) values ('3ro', 3);
		insert into grado (nombre, id_nivel) values ('4to', 3);
		insert into grado (nombre, id_nivel) values ('5to', 3);
		insert into grado (nombre, id_nivel) values ('6to', 3);
        -- B
		insert into grado (nombre, id_nivel) values ('1ro', 3);
		insert into grado (nombre, id_nivel) values ('2do', 3);
		insert into grado (nombre, id_nivel) values ('3ro', 3);
		insert into grado (nombre, id_nivel) values ('4to', 3);
		insert into grado (nombre, id_nivel) values ('5to', 3);
		insert into grado (nombre, id_nivel) values ('6to', 3);
		-- C
		insert into grado (nombre, id_nivel) values ('1ro', 3);
		insert into grado (nombre, id_nivel) values ('2do', 3);
		insert into grado (nombre, id_nivel) values ('3ro', 3);
		insert into grado (nombre, id_nivel) values ('4to', 3);
		insert into grado (nombre, id_nivel) values ('5to', 3);
		insert into grado (nombre, id_nivel) values ('6to', 3);
    
-- seccion (36)
	-- inicial
	insert into seccion (nombre, n_estudiantes, id_grado) values ('A', 1, 1);
	insert into seccion (nombre, n_estudiantes, id_grado) values ('A', 0, 2);
	insert into seccion (nombre, n_estudiantes, id_grado) values ('A', 0, 3);
	-- primaria
		-- A
		insert into seccion (nombre, n_estudiantes, id_grado) values ('A', 0, 4);
		insert into seccion (nombre, n_estudiantes, id_grado) values ('A', 0, 5);
		insert into seccion (nombre, n_estudiantes, id_grado) values ('A', 0, 6);
		insert into seccion (nombre, n_estudiantes, id_grado) values ('A', 0, 7);
		insert into seccion (nombre, n_estudiantes, id_grado) values ('A', 0, 8);
		-- B
		insert into seccion (nombre, n_estudiantes, id_grado) values ('B', 0, 9);
		insert into seccion (nombre, n_estudiantes, id_grado) values ('B', 0, 10);
		insert into seccion (nombre, n_estudiantes, id_grado) values ('B', 0, 11);
		insert into seccion (nombre, n_estudiantes, id_grado) values ('B', 0, 12);
		insert into seccion (nombre, n_estudiantes, id_grado) values ('B', 0, 13);
		-- C
		insert into seccion (nombre, n_estudiantes, id_grado) values ('C', 0, 14);
		insert into seccion (nombre, n_estudiantes, id_grado) values ('C', 0, 15);
		insert into seccion (nombre, n_estudiantes, id_grado) values ('C', 0, 16);
		insert into seccion (nombre, n_estudiantes, id_grado) values ('C', 0, 17);
		insert into seccion (nombre, n_estudiantes, id_grado) values ('C', 0, 18);
	-- secundaria
		-- A
		insert into seccion (nombre, n_estudiantes, id_grado) values ('A', 0, 19);
		insert into seccion (nombre, n_estudiantes, id_grado) values ('A', 0, 20);
		insert into seccion (nombre, n_estudiantes, id_grado) values ('A', 0, 21);
		insert into seccion (nombre, n_estudiantes, id_grado) values ('A', 0, 22);
		insert into seccion (nombre, n_estudiantes, id_grado) values ('A', 0, 23);
        insert into seccion (nombre, n_estudiantes, id_grado) values ('A', 0, 24);
		-- B
		insert into seccion (nombre, n_estudiantes, id_grado) values ('B', 0, 25);
		insert into seccion (nombre, n_estudiantes, id_grado) values ('B', 0, 26);
		insert into seccion (nombre, n_estudiantes, id_grado) values ('B', 0, 27);
		insert into seccion (nombre, n_estudiantes, id_grado) values ('B', 0, 28);
        insert into seccion (nombre, n_estudiantes, id_grado) values ('B', 0, 29);
		insert into seccion (nombre, n_estudiantes, id_grado) values ('B', 0, 30);
		-- C
		insert into seccion (nombre, n_estudiantes, id_grado) values ('C', 0, 31);
		insert into seccion (nombre, n_estudiantes, id_grado) values ('C', 0, 32);
		insert into seccion (nombre, n_estudiantes, id_grado) values ('C', 0, 33);
        insert into seccion (nombre, n_estudiantes, id_grado) values ('C', 0, 34);
        insert into seccion (nombre, n_estudiantes, id_grado) values ('C', 0, 35);
        insert into seccion (nombre, n_estudiantes, id_grado) values ('C', 0, 36);

-- matricula (36)
insert into matricula (id_matricula, fecha, nivel, grado, id_seccion) values (1, '2020-09-12 04:23:10', 1, 1, 1);
insert into matricula (id_matricula, fecha, nivel, grado, id_seccion) values (2, '2020-09-20 04:45:32', 2, 2, 2);
insert into matricula (id_matricula, fecha, nivel, grado, id_seccion) values (3, '2020-10-31 07:45:09', 3, 3, 3);
insert into matricula (id_matricula, fecha, nivel, grado, id_seccion) values (4, '2019-12-18 20:11:52', 4, 4, 4);
insert into matricula (id_matricula, fecha, nivel, grado, id_seccion) values (5, '2020-01-22 21:00:16', 5, 5, 5);
insert into matricula (id_matricula, fecha, nivel, grado, id_seccion) values (6, '2019-11-09 02:20:42', 6, 6, 6);
insert into matricula (id_matricula, fecha, nivel, grado, id_seccion) values (7, '2019-11-09 11:00:33', 7, 7, 7);
insert into matricula (id_matricula, fecha, nivel, grado, id_seccion) values (8, '2020-05-24 01:41:45', 8, 8, 8);
insert into matricula (id_matricula, fecha, nivel, grado, id_seccion) values (9, '2020-05-28 02:04:41', 9, 9, 9);
insert into matricula (id_matricula, fecha, nivel, grado, id_seccion) values (10, '2020-07-22 17:09:33', 10, 10, 10);
insert into matricula (id_matricula, fecha, nivel, grado, id_seccion) values (11, '2020-02-05 18:07:23', 11, 11, 11);
insert into matricula (id_matricula, fecha, nivel, grado, id_seccion) values (12, '2019-12-21 17:15:17', 12, 12, 12);
insert into matricula (id_matricula, fecha, nivel, grado, id_seccion) values (13, '2020-05-27 09:35:21', 13, 13, 13);
insert into matricula (id_matricula, fecha, nivel, grado, id_seccion) values (14, '2020-06-10 01:23:10', 14, 14, 14);
insert into matricula (id_matricula, fecha, nivel, grado, id_seccion) values (15, '2019-11-14 15:27:45', 15, 15, 15);
insert into matricula (id_matricula, fecha, nivel, grado, id_seccion) values (16, '2020-01-05 17:06:08', 16, 16, 16);
insert into matricula (id_matricula, fecha, nivel, grado, id_seccion) values (17, '2020-05-14 01:38:47', 17, 17, 17);
insert into matricula (id_matricula, fecha, nivel, grado, id_seccion) values (18, '2020-07-11 22:49:05', 18, 18, 18);
insert into matricula (id_matricula, fecha, nivel, grado, id_seccion) values (19, '2020-09-21 11:55:48', 19, 19, 19);
insert into matricula (id_matricula, fecha, nivel, grado, id_seccion) values (20, '2020-08-25 10:50:47', 20, 20, 20);
insert into matricula (id_matricula, fecha, nivel, grado, id_seccion) values (21, '2020-05-18 13:34:40', 21, 21, 21);
insert into matricula (id_matricula, fecha, nivel, grado, id_seccion) values (22, '2020-10-06 20:07:46', 22, 22, 22);
insert into matricula (id_matricula, fecha, nivel, grado, id_seccion) values (23, '2020-10-05 05:02:16', 23, 23, 23);
insert into matricula (id_matricula, fecha, nivel, grado, id_seccion) values (24, '2020-06-23 10:37:41', 24, 24, 24);
insert into matricula (id_matricula, fecha, nivel, grado, id_seccion) values (25, '2020-10-13 11:57:23', 25, 25, 25);
insert into matricula (id_matricula, fecha, nivel, grado, id_seccion) values (26, '2020-02-10 02:44:31', 26, 26, 26);
insert into matricula (id_matricula, fecha, nivel, grado, id_seccion) values (27, '2020-09-26 16:37:14', 27, 27, 27);
insert into matricula (id_matricula, fecha, nivel, grado, id_seccion) values (28, '2019-12-25 09:27:37', 28, 28, 28);
insert into matricula (id_matricula, fecha, nivel, grado, id_seccion) values (29, '2020-02-11 17:02:16', 29, 29, 29);
insert into matricula (id_matricula, fecha, nivel, grado, id_seccion) values (30, '2020-10-23 23:59:45', 30, 30, 30);
insert into matricula (id_matricula, fecha, nivel, grado, id_seccion) values (31, '2020-10-04 20:51:32', 31, 31, 31);
insert into matricula (id_matricula, fecha, nivel, grado, id_seccion) values (32, '2020-10-05 08:23:13', 32, 32, 32);
insert into matricula (id_matricula, fecha, nivel, grado, id_seccion) values (33, '2020-06-02 14:23:18', 33, 33, 33);
insert into matricula (id_matricula, fecha, nivel, grado, id_seccion) values (34, '2020-03-30 11:48:16', 34, 34, 34);
insert into matricula (id_matricula, fecha, nivel, grado, id_seccion) values (35, '2020-04-21 22:46:24', 35, 35, 35);
insert into matricula (id_matricula, fecha, nivel, grado, id_seccion) values (36, '2020-05-29 22:01:51', 36, 36, 36);

-- estudiante (36)
insert into estudiante (id_estudiante, nombres, apellidos, dni, fecha_nacimiento, id_apoderado, celular, correo, id_distrito, direccion, pass, id_matricula) values (1, 'Ermentrude', 'Romi', 81151805, '2017-06-10', 8, 959562912, 'eromi0@tinyurl.com', 5, '044 Pond Plaza', 123, 1);
insert into estudiante (id_estudiante, nombres, apellidos, dni, fecha_nacimiento, id_apoderado, celular, correo, id_distrito, direccion, pass, id_matricula) values (2, 'Tiffanie', 'Okker', 84164124, '2013-01-09', 4, 997890369, 'tokker1@theglobeandmail.com', 16, '934 Independence Way', 123, 2);
insert into estudiante (id_estudiante, nombres, apellidos, dni, fecha_nacimiento, id_apoderado, celular, correo, id_distrito, direccion, pass, id_matricula) values (3, 'Evvy', 'Gieraths', 90750895, '2014-11-24', 9, 967530040, 'egieraths2@ftc.gov', 12, '5700 Redwing Place', 123, 3);
insert into estudiante (id_estudiante, nombres, apellidos, dni, fecha_nacimiento, id_apoderado, celular, correo, id_distrito, direccion, pass, id_matricula) values (4, 'Sharline', 'Cullingworth', 95607914, '2012-06-18', 8, 961122906, 'scullingworth3@cdc.gov', 16, '64 Logan Place', 123, 4);
insert into estudiante (id_estudiante, nombres, apellidos, dni, fecha_nacimiento, id_apoderado, celular, correo, id_distrito, direccion, pass, id_matricula) values (5, 'Frieda', 'Balshaw', 93177429, '2013-04-22', 13, 986449549, 'fbalshaw4@webs.com', 28, '07455 Columbus Park', 123, 5);
insert into estudiante (id_estudiante, nombres, apellidos, dni, fecha_nacimiento, id_apoderado, celular, correo, id_distrito, direccion, pass, id_matricula) values (6, 'Brittani', 'Spore', 96950610, '2012-04-10', 17, 954305549, 'bspore5@arizona.edu', 42, '2 Waywood Parkway', 123, 6);
insert into estudiante (id_estudiante, nombres, apellidos, dni, fecha_nacimiento, id_apoderado, celular, correo, id_distrito, direccion, pass, id_matricula) values (7, 'Berna', 'Ossipenko', 88483383, '2011-05-12', 12, 968062775, 'bossipenko6@themeforest.net', 28, '701 Hazelcrest Place', 123, 7);
insert into estudiante (id_estudiante, nombres, apellidos, dni, fecha_nacimiento, id_apoderado, celular, correo, id_distrito, direccion, pass, id_matricula) values (8, 'Enrika', 'Charlo', 92243333, '2011-12-05', 15, 963949169, 'echarlo7@about.com', 40, '03233 Jenifer Plaza', 123, 8);
insert into estudiante (id_estudiante, nombres, apellidos, dni, fecha_nacimiento, id_apoderado, celular, correo, id_distrito, direccion, pass, id_matricula) values (9, 'Sybilla', 'Daville', 88121339, '2015-11-26', 3, 976545965, 'sdaville8@elegantthemes.com', 13, '24904 Reindahl Alley', 123, 9);
insert into estudiante (id_estudiante, nombres, apellidos, dni, fecha_nacimiento, id_apoderado, celular, correo, id_distrito, direccion, pass, id_matricula) values (10, 'Jolene', 'Dyte', 86014073, '2013-09-28', 11, 953102931, 'jdyte9@netvibes.com', 41, '792 Blackbird Court', 123, 10);
insert into estudiante (id_estudiante, nombres, apellidos, dni, fecha_nacimiento, id_apoderado, celular, correo, id_distrito, direccion, pass, id_matricula) values (11, 'Randene', 'Muselli', 88100814, '2012-04-23', 2, 969879647, 'rmusellia@tamu.edu', 10, '657 Arkansas Parkway', 123, 11);
insert into estudiante (id_estudiante, nombres, apellidos, dni, fecha_nacimiento, id_apoderado, celular, correo, id_distrito, direccion, pass, id_matricula) values (12, 'Aundrea', 'Tommasi', 95424834, '2010-12-18', 18, 958013249, 'atommasib@simplemachines.org', 35, '543 Marquette Alley', 123, 12);
insert into estudiante (id_estudiante, nombres, apellidos, dni, fecha_nacimiento, id_apoderado, celular, correo, id_distrito, direccion, pass, id_matricula) values (13, 'Jsandye', 'McTerry', 93345949, '2012-11-01', 9, 959829715, 'jmcterryc@irs.gov', 20, '0480 Schiller Way', 123, 13);
insert into estudiante (id_estudiante, nombres, apellidos, dni, fecha_nacimiento, id_apoderado, celular, correo, id_distrito, direccion, pass, id_matricula) values (14, 'Delcine', 'Durrance', 87095252, '2015-08-10', 4, 954003250, 'ddurranced@foxnews.com', 7, '732 7th Center', 123, 14);
insert into estudiante (id_estudiante, nombres, apellidos, dni, fecha_nacimiento, id_apoderado, celular, correo, id_distrito, direccion, pass, id_matricula) values (15, 'Ardelis', 'Reburn', 81168615, '2015-10-14', 17, 967435444, 'areburne@newyorker.com', 39, '8 Nancy Plaza', 123, 15);
insert into estudiante (id_estudiante, nombres, apellidos, dni, fecha_nacimiento, id_apoderado, celular, correo, id_distrito, direccion, pass, id_matricula) values (16, 'Flory', 'Sylvaine', 81499983, '2016-10-31', 11, 961603711, 'fsylvainef@dell.com', 1, '8649 Hallows Crossing', 123, 16);
insert into estudiante (id_estudiante, nombres, apellidos, dni, fecha_nacimiento, id_apoderado, celular, correo, id_distrito, direccion, pass, id_matricula) values (17, 'Elaine', 'MacGruer', 99374534, '2012-12-10', 18, 997816148, 'emacgruerg@angelfire.com', 20, '8940 Donald Terrace', 123, 17);
insert into estudiante (id_estudiante, nombres, apellidos, dni, fecha_nacimiento, id_apoderado, celular, correo, id_distrito, direccion, pass, id_matricula) values (18, 'Rheba', 'Kohlerman', 97755486, '2016-06-07', 7, 994251682, 'rkohlermanh@paginegialle.it', 3, '5472 Bunting Trail', 123, 18);
insert into estudiante (id_estudiante, nombres, apellidos, dni, fecha_nacimiento, id_apoderado, celular, correo, id_distrito, direccion, pass, id_matricula) values (19, 'Avril', 'Fittis', 99943261, '2011-08-01', 2, 992457968, 'afittisi@pagesperso-orange.fr', 20, '69857 Carpenter Hill', 123, 19);
insert into estudiante (id_estudiante, nombres, apellidos, dni, fecha_nacimiento, id_apoderado, celular, correo, id_distrito, direccion, pass, id_matricula) values (20, 'Darla', 'Pothbury', 90931408, '2017-07-12', 6, 962914032, 'dpothburyj@t.co', 18, '54554 Arrowood Center', 123, 20);
insert into estudiante (id_estudiante, nombres, apellidos, dni, fecha_nacimiento, id_apoderado, celular, correo, id_distrito, direccion, pass, id_matricula) values (21, 'Molli', 'O''Cassidy', 90084180, '2012-12-30', 6, 991268814, 'mocassidyk@miibeian.gov.cn', 39, '821 Forest Run Hill', 123, 21);
insert into estudiante (id_estudiante, nombres, apellidos, dni, fecha_nacimiento, id_apoderado, celular, correo, id_distrito, direccion, pass, id_matricula) values (22, 'Liane', 'Vallentine', 81937658, '2017-11-09', 5, 972069132, 'lvallentinel@live.com', 11, '48 Blue Bill Park Court', 123, 22);
insert into estudiante (id_estudiante, nombres, apellidos, dni, fecha_nacimiento, id_apoderado, celular, correo, id_distrito, direccion, pass, id_matricula) values (23, 'Madelin', 'Gemmell', 95968552, '2013-02-13', 12, 999310596, 'mgemmellm@eventbrite.com', 11, '9675 Brickson Park Drive', 123, 23);
insert into estudiante (id_estudiante, nombres, apellidos, dni, fecha_nacimiento, id_apoderado, celular, correo, id_distrito, direccion, pass, id_matricula) values (24, 'Kizzee', 'Faragher', 99863750, '2017-05-13', 1, 953257475, 'kfaraghern@sphinn.com', 28, '86696 Bay Way', 123, 24);
insert into estudiante (id_estudiante, nombres, apellidos, dni, fecha_nacimiento, id_apoderado, celular, correo, id_distrito, direccion, pass, id_matricula) values (25, 'Lucia', 'Hallede', 86305509, '2012-01-26', 14, 958059624, 'lhalledeo@intel.com', 4, '79069 Merry Center', 123, 25);
insert into estudiante (id_estudiante, nombres, apellidos, dni, fecha_nacimiento, id_apoderado, celular, correo, id_distrito, direccion, pass, id_matricula) values (26, 'Anabella', 'MacKeague', 94199338, '2017-08-30', 13, 963646238, 'amackeaguep@tripod.com', 36, '35847 Mayfield Park', 123, 26);
insert into estudiante (id_estudiante, nombres, apellidos, dni, fecha_nacimiento, id_apoderado, celular, correo, id_distrito, direccion, pass, id_matricula) values (27, 'Robyn', 'Deftie', 96329780, '2014-09-24', 12, 981607240, 'rdeftieq@instagram.com', 43, '847 Dahle Park', 123, 27);
insert into estudiante (id_estudiante, nombres, apellidos, dni, fecha_nacimiento, id_apoderado, celular, correo, id_distrito, direccion, pass, id_matricula) values (28, 'Loralee', 'De Vries', 93252994, '2012-11-18', 6, 977045470, 'ldevriesr@ehow.com', 40, '91490 Stone Corner Lane', 123, 28);
insert into estudiante (id_estudiante, nombres, apellidos, dni, fecha_nacimiento, id_apoderado, celular, correo, id_distrito, direccion, pass, id_matricula) values (29, 'Olga', 'Alenin', 84288685, '2015-03-29', 5, 960930876, 'oalenins@omniture.com', 10, '85001 Graceland Crossing', 123, 29);
insert into estudiante (id_estudiante, nombres, apellidos, dni, fecha_nacimiento, id_apoderado, celular, correo, id_distrito, direccion, pass, id_matricula) values (30, 'Melosa', 'Snaddon', 83374472, '2015-07-12', 18, 990904508, 'msnaddont@va.gov', 23, '8 Village Plaza', 123, 30);
insert into estudiante (id_estudiante, nombres, apellidos, dni, fecha_nacimiento, id_apoderado, celular, correo, id_distrito, direccion, pass, id_matricula) values (31, 'Paige', 'Griffoen', 80078126, '2011-08-01', 13, 954358824, 'pgriffoenu@yahoo.com', 39, '507 Fuller Avenue', 123, 31);
insert into estudiante (id_estudiante, nombres, apellidos, dni, fecha_nacimiento, id_apoderado, celular, correo, id_distrito, direccion, pass, id_matricula) values (32, 'Farica', 'Vivians', 93040257, '2014-10-16', 10, 998560221, 'fviviansv@cbslocal.com', 36, '245 Westridge Place', 123, 32);
insert into estudiante (id_estudiante, nombres, apellidos, dni, fecha_nacimiento, id_apoderado, celular, correo, id_distrito, direccion, pass, id_matricula) values (33, 'Sherill', 'Carlill', 94761451, '2012-10-29', 4, 980446914, 'scarlillw@lycos.com', 43, '5 Glendale Lane', 123, 33);
insert into estudiante (id_estudiante, nombres, apellidos, dni, fecha_nacimiento, id_apoderado, celular, correo, id_distrito, direccion, pass, id_matricula) values (34, 'Martie', 'Suddell', 88055748, '2015-12-19', 5, 977781322, 'msuddellx@google.pl', 8, '54 Mayfield Junction', 123, 34);
insert into estudiante (id_estudiante, nombres, apellidos, dni, fecha_nacimiento, id_apoderado, celular, correo, id_distrito, direccion, pass, id_matricula) values (35, 'Jocelin', 'Took', 85375570, '2015-03-01', 15, 955183443, 'jtooky@whitehouse.gov', 9, '317 Gateway Way', 123, 35);
insert into estudiante (id_estudiante, nombres, apellidos, dni, fecha_nacimiento, id_apoderado, celular, correo, id_distrito, direccion, pass, id_matricula) values (36, 'Ronna', 'Byrch', 92949269, '2017-02-21', 1, 961009024, 'rbyrchz@princeton.edu', 1, '7 Mccormick Court', 123, 36);

-- curso (26)
	-- inicial (6) http://www.minedu.gob.pe/curriculo/pdf/programa-curricular-educacion-inicial.pdf
	insert into curso (nombre, descripcion) values ('PERSONAL SOCIAL','El  desarrollo  personal  y  social  de  nuestros  niños  y  niñas  es  un  proceso  que  se  inicia  en  la  familia y se construye sobre la base de las relaciones seguras y afectivas que establecen con las personas que los cuidan. Estas relaciones significativas constituyen el vínculo de apego, el  cual  les  brinda  la  seguridad  y  contención  que  necesitan  para  construirse  como  personas  únicas y especiales, e interactuar con el mundo. Este vínculo les brinda, además, la seguridad de creer y confiar en ese adulto que los cuida y acompaña.Durante los primeros meses de vida, el niño siente que es uno solo con su madre. A partir de la interacción respetuosa y afectuosa con ella, y a medida que va creciendo, comienza a diferenciar su cuerpo del cuerpo de su madre y a sentirse una persona distinta, con emociones, sentimientos y percepciones propias, y diferente a los demás. Este proceso de separación favorece su tránsito hacia una socialización con confianza y seguridad, con la capacidad de decidir frente a sus intereses de exploración y juego, y a algunas acciones de cuidado.Así  también,  sus  experiencias  de  socialización  le  permiten  vivir  diferentes  situaciones  con  niños, niñas y adultos distintos a los de su familia, y conocer otras creencias y costumbres. En el caso de la IE, esta se presenta como primer espacio público de socialización, donde aprende a convivir aportando a su grupo de aula y a su comunidad educativa.Por ello, la atención educativa en este nivel, se orienta a favorecer la formación personal y social  de  los  niños  y  niñas  promoviendo  y  acompañando  procesos  como  la  construcción  de su identidad a partir del conocimiento y valoración de sí mismos; el reconocimiento de las creencias y costumbres de su familia; así como la expresión y el reconocimiento de sus emociones, que los llevan al inicio de la regulación de las mismas. De igual manera, promueve el establecimiento de relaciones seguras, la integración de valores, límites y normas que les permitan aprender a cuidarse, y cuidar los espacios y recursos comunes; a convivir con otros, respetar diferencias tanto culturales, de creencias y costumbres, como conocer y ejercer sus derechos, y asumir responsabilidades acordes a su nivel de desarrollo y madurez.');
    insert into curso (nombre, descripcion) values ('PSICOMOTRIZ','Todas las personas, desde que nacemos, actuamos y nos relacionamos con el entorno a través de nuestro cuerpo. Con este nos movemos, experimentamos, comunicamos y aprendemos de una manera única, acorde a nuestras propias características, deseos, afectos, necesidades, estados de ánimo y demás. Esto da cuenta de la dimensión psicomotriz de la vida del hombre; es decir, de esa estrecha y permanente relación que existe entre el cuerpo, las emociones y los pensamientos de cada persona al actuar. Desde los primeros meses de vida, el cuerpo y el movimiento son el principal medio que los niños  y  las  niñas  emplean  para  expresar  sus  deseos,  sensaciones  y  emociones,  así  también  para conocerse y abrirse al mundo que los rodea. De esta manera, el bebé va adquiriendo progresivamente las primeras posturas –como pasar de boca arriba a boca abajo o viceversa, sentarse, arrodillarse y pararse– hasta alcanzar el desplazamiento y continuar ampliando sus posibilidades de movimiento y acción.Al mismo tiempo, es a través de estas vivencias que el niño va desarrollando un progresivo control  y  dominio  de  su  cuerpo  reajustándose  corporalmente  (acomodándose)  según  sus  necesidades en las diversas situaciones cotidianas de exploración o de juego que experimenta. Es a partir de estas experiencias y en la constante interacción con su medio que el niño va construyendo su esquema e imagen corporal; es decir, va desarrollando una representación mental de su cuerpo y una imagen de sí mismo.En medio de este proceso, es necesario tomar en cuenta que los niños y las niñas son sujetos plenos  de  emociones,  sensaciones,  afectos,  pensamientos,  necesidades  e  intereses  propios,  los cuales, durante los primeros años, son vividos y expresados intensamente a través de su cuerpo (gestos, tono, posturas, acciones, movimientos y juegos). Así, esto da cuenta de esa vinculación permanente que existe entre su cuerpo, sus pensamientos y sus emociones.');
    insert into curso (nombre, descripcion) values ('COMUNICACIÓN','Nuestro país tiene una gran diversidad lingüística y cultural, por ello, en las aulas se cuenta con  niños  y  niñas  que,  como  parte  de  su  herencia  cultural  y  lingüística,  hablan  una  lengua  originaria o indígena, la cual suele ser su lengua materna. Según el contexto lingüístico en el  que  se  ubiquen,  además  de  consolidar  el  aprendizaje  de  su  propia  lengua,  lo  harán  en  una segunda lengua: el castellano. Esta será el puente de comunicación intercultural entre hablantes de diferentes lenguas y, además, una forma de acceder a nuevos conocimientos. Si bien hay similitudes entre la adquisición de la lengua materna y la segunda lengua, los procesos son diferentes. En el caso de la adquisición de la segunda lengua en la IE, los niños y niñas tienen que desarrollar competencias comunicativas en una segunda lengua a partir del desarrollo paulatino de competencias en su lengua materna.El desarrollo de las competencias comunicativas en castellano como segunda lengua permitirá que los estudiantes establezcan relaciones sociales con otras personas en diferentes ámbitos de sus vidas, y puedan comunicarse y ejercer su ciudadanía en contextos públicos y privados, más allá del ámbito escolar.');
    insert into curso (nombre, descripcion) values ('DESCUBRIMIENTO DEL MUNDO','Los niños y niñas, desde que nacen, son sujetos de acción, e interactúan con las personas, los objetos y seres vivos que forman parte de su ambiente. Desde sus posibilidades de movimiento, desplazamiento  y  emoción  en  su  cotidianidad,  empiezan  a  explorar  espontáneamente  el  entorno que los rodea y a vivir experiencias que les permiten poco a poco ir descubriendo el mundo. Su curiosidad natural y la seguridad afectiva, los anima a explorar y experimentar por propia iniciativa con todo su cuerpo, y a estar atentos a los hechos que les suceden y a situaciones que se dan a su alrededor. Así, al chupar, morder, mirar, escuchar, oler, tocar, cargar, golpear, tirar, jalar, girar, van experimentando y empiezan a descubrir algunas características perceptuales, a asignar o reconocer usos de los objetos para actuar en su entorno; empiezan a compararlos, ordenarlos, juntarlos y agruparlos según sus propios criterios. Los niños y niñas poco a poco van volviendo más complejas sus acciones sobre los objetos y, en la medida que adquieren mayor dominio en sus posturas y movimientos, se desplazan descubriendo algunas relaciones espaciales entre sus cuerpos y las personas y objetos de su entorno y en el ambiente. A partir de estas acciones exploratorias, van construyendo sus primeras nociones de espacio, de  cantidad,  de  tiempo  y  de  causalidad,  así  como  también  construyen  sus  ideas  acerca  de  lo que es y de lo que sucede en el mundo. En estas acciones, los niños se transforman y transforman su entorno; encuentran significados que dan sentido a su experiencia y, así, amplían sus posibilidades de conocer el mundo. La  intención  pedagógica  garantiza  que  cada  niño  y  niña,  en  su  cotidianidad  –durante  los  momentos de cuidados (alimentación, lactancia, el cambio de ropa, el aseo, el descanso), de actividades autónomas y de juego libre–, cuente con condiciones apropiadas que les permitan explorar el mundo y desarrollar sus competencias. Para ello, se debe partir de la observación de las características, necesidades, intereses, y formas de aprender de cada niño y niña; con esta  información,  el  docente  o  promotor  educativo  acondiciona  los  espacios,  materiales  y  brinda las orientaciones a los adultos significativos del niño para que puedan interactuar con ellos y acompañarlos en su propio proceso de desarrollo y aprendizaje. Los niños y niñas deben contar con adultos “responsivos”, es decir, que estén siempre atentos a las necesidades e intereses de los niños, y que los acompañen o interactúen con ellos con respeto y calidez, sin invadirlos o interferir en sus acciones. ');
    insert into curso (nombre, descripcion) values ('MATEMÁTICA','Los niños y niñas, desde que nacen, exploran de manera natural todo aquello que los rodea y  usan  todos  sus  sentidos  para  captar  información  y  resolver  los  problemas  que  se  les  presentan. Durante esta exploración, ellos actúan sobre los objetos y establecen relaciones que les permiten agrupar, ordenar y realizar correspondencias según sus propios criterios. Asimismo,  los  niños  y  niñas  poco  a  poco  van  logrando  una  mejor  comprensión  de  las  relaciones espaciales entre su cuerpo y el espacio, otras personas y los objetos que están en su entorno. Progresivamente, irán estableciendo relaciones más complejas que los llevarán a resolver situaciones referidas a la cantidad, forma, movimiento y localización.El acercamiento de los niños a la matemática en este nivel se da en forma gradual y progresiva, acorde  con  el  desarrollo  de  su  pensamiento;  es  decir,  la  madurez  neurológica,  emocional,  afectiva  y  corporal  del  niño,  así  como  las  condiciones  que  se  generan  en  el  aula  para  el  aprendizaje, les permitirá desarrollar y organizar su pensamiento matemático.Por  las  características  de  los  niños  y  niñas  en  estas  edades,  las  situaciones  de  aprendizaje  deben desarrollarse a partir de actividades que despierten el interés por resolver problemas que requieran establecer relaciones, probar diversas estrategias y comunicar sus resultados.');
    insert into curso (nombre, descripcion) values ('CIENCIA Y TECNOLOGÍA','Los niños y niñas, desde sus primeros años, sienten curiosidad, asombro y fascinación por todo aquello que se presenta ante sus ojos; es así que exploran y experimentan diversas sensaciones que les permiten descubrirse y descubrir el mundo que los rodea para conocerlo y comprenderlo mejor. A partir de estas experiencias, comienzan a reconocer y a diferenciar sensaciones internas y externas de su cuerpo, a explorar el espacio y los objetos que hay en él; así descubren texturas, formas y otras características. Además, empiezan a comparar y establecer ciertas relaciones entre sus acciones y los efectos que producen en los objetos que manipulan. De esta manera, obtienen información que los aproxima a un conocimiento más profundo y complejo de su propio cuerpo y de los objetos, así como de los fenómenos y hechos que acontecen en la naturaleza. Además, en este proceso, el desarrollo de su lenguaje les permitirá expresar y comunicar sus descubrimientos, describir lo que observan o experimentan, y dar a conocer sus propias “ideas y teorías”.En la vida cotidiana, la ciencia y la tecnología están integradas y convergen todo el tiempo; es así que los niños, al tener una mirada curiosa sobre el mundo, no solo tienen la necesidad de conocerlo, sino de entender cómo funcionan las cosas. Por ello, las desarman, arman y transforman para ver qué sucede con ellas. En el nivel de Educación Inicial, la tecnología se centra en la satisfacción de necesidades y en la resolución de situaciones problemáticas que los impulsan a imaginar, diseñar, inventar y crear posibles alternativas de solución. De esta manera,  logran  desarrollar  su  pensamiento,  adquirir  habilidades,  conocimientos  y  actitudes  que les permitirán comprender, respetar y sensibilizarse con el ambiente en el que viven. Es así que, para el desarrollo de la competencia relacionada con el área, se parte de la curiosidad natural de los niños, de su asombro, deseo y necesidad de conocer y comprender el qué y cómo funciona el mundo que los rodea. En el área, se tiene como propósito promover experiencias que los motiven a explorar, inventar y cuestionarse sobre los objetos, seres vivos, hechos y fenómenos que observan; a buscar información para responder a aquellas preguntas que los intrigan; poner a prueba sus “ideas y teorías” para reafirmarlas o transformarlas; descubrir posibles  relaciones  entre  las  características  de  los  objetos;  y  describir  lo  que  observan,  así  como explicar y comunicar sus descubrimientos.');
    
	-- primaria (9) http://www.minedu.gob.pe/curriculo/pdf/programa-nivel-primaria-ebr.pdf
	insert into curso (nombre, descripcion) values ('PERSONAL SOCIAL', "Para  la  realización  plena  de  las  personas  en  una  sociedad  cambiante  como  la  actual  son primordiales tanto el desarrollo personal como la ciudadanía activa. En relación a lo primero, la autorregulación de las emociones resulta fundamental para manejar los conflictos de maneras no  violentas  y  para  elaborar  y  asumir  normas;  la  valoración  de  nosotros  mismos   y  la consolidación de nuestra identidad nos permite convivir de manera democrática y participar en nuestra comunidad a partir de la deliberación sobre asuntos que nos involucran. De igual forma, la ética, entendida tanto como el compromiso con principios morales como el cuidado del otro, es indispensable para generar una convivencia armónica que reconozca y respete a los demás y busque  el  bien  común.  Por  otro  lado,  la  ciudadanía  activa  enriquece  el  desarrollo  personal  a partir del reconocimiento de las personas como sujetos de derecho y de los principios de libertad y dignidad humana, y a través de las oportunidades de crecimiento personal que la participación social  ofrece.  La  búsqueda por  fortalecer  una sociedad  más  equitativa,  en  la  que  los  derechos humanos estén en plena vigencia, así como el cumplimiento de los deberes ciudadanos, permitirá que cada persona se desarrolle plenamente.");
	insert into curso (nombre, descripcion) values ('EDUCACIÓN FÍSICA',	"La  evolución  de  la  Educación  Física  está  determinada  actualmente  por  los avances  sociales, científicos y tecnológicos en el mundo. Las demandas sociales respecto a la formación de hábitos relacionados  con  el  logro  del  bienestar  físico,  psicológico  y  emocional,  han  hecho  que  el  área haya  tomado  cada  vez  más  importancia  en  los  currículos  escolares.  Por  ello,  a  través  de  la Educación  Física  se  pretende  que  los  estudiantes  desarrollen  una  conciencia  crítica  hacia  el cuidado de su salud y la de los demás, buscando que sean autónomos y capaces de asumir sus propias decisiones para la mejora de la calidad de vida.");
	insert into curso (nombre, descripcion) values ('COMUNICACIÓN', "El  área  de  Comunicación  tiene  por  finalidad  que  los  estudiantes  desarrollen  competencias comunicativas  para  interactuar  con  otras  personas,  comprender  y  construir  la realidad,  y representar  el  mundo  de  forma  real  o  imaginaria.  Este  desarrollo  se  da  mediante  el  uso  del lenguaje, una herramienta fundamental para la formación de las personas pues permite tomar conciencia  de  nosotros  mismos  al  organizar  y  dar  sentido  a  nuestras  vivencias  y  saberes.  Los aprendizajes  que  propicia  el  área  de  Comunicación  contribuyen  a  comprender  el  mundo contemporáneo, tomar decisiones y actuar éticamente en diferentes ámbitos de la vida.");
	insert into curso (nombre, descripcion) values ('ARTE Y CULTURA', "Desde los inicios de la civilización y a lo largo de la historia los hombres y mujeres han construido, diseñado y creado imágenes que les permitan simbolizar y representar su entorno, sus formas de vida, sus cosmovisiones e identidades.  Las artes son una parte integral de la vida cotidiana y están presentes en todas las culturas y sociedades. Abarcan desde las formas más tradicionales que se encuentran integradas a la vida de una comunidad (como los rituales, las celebraciones, los  ornamentos  y  las  artes  utilitarias),  hasta  las  formas  más  emergentes  y  contemporáneas (como las animaciones digitales, el arte involucrado con la ecología, las performances, etc.).  A  través  de  las  artes,  las  personas  hemos  podido  reconocer  las  influencias  culturales  que  nos rodean e indagar acerca de quiénes somos y cómo nos relacionamos con los demás.  Además, son  un  registro  incomparable  del  pasado,  de  la  manera  en  que  nuestras  sociedades  han evolucionado a través del tiempo y un vehículo para comprender “cómo el arte se enfrenta con ideas, necesidades y valores que pueden encontrarse en todos los tiempos y lugares”.");
	insert into curso (nombre, descripcion) values ('INGLÉS', "En  la  actualidad,  aprender  inglés  es  una  necesidad  por  ser  una  lengua  extranjera  clave  para acceder a lo último en avances tecnológicos, científicos y académicos, así como para conectarse con diversas realidades y contextos. Por ello buscamos desarrollarla competencia comunicativa de nuestros estudiantes en el idioma inglés,  para  facilitar  su  inserción  eficaz  en  la  economía  global  al  ampliar  su  acceso  a oportunidades académicas, tecnológicas, científicas, culturales y laborales.");
	insert into curso (nombre, descripcion) values ('MATEMÁTICA', "La  matemática  es  una  actividad  humana  y  ocupa  un  lugar  relevante  en  el  desarrollo  del conocimiento  y  de  la  cultura  de  nuestras  sociedades.  Se  encuentra  en  constante  desarrollo  y reajuste,  y  por  ello  sustenta  una  creciente  variedad  de  investigaciones  en  las  ciencias,  las tecnologías modernas y otras, las cuales son fundamentales para el desarrollo integral del país. Esta  área  de  aprendizaje  contribuye  en  formar  ciudadanos  capaces  de  buscar,  organizar, sistematizar y analizar información, entender el mundo que los rodea, desenvolverse en él, tomar decisiones pertinentes y resolver problemas en distintas contextos de manera creativa.");
	insert into curso (nombre, descripcion) values ('CIENCIA Y TECNOLOGÍA', "La  ciencia  y  la  tecnología  están  presentes  en  diversos contextos  de  la  actividad  humana, ocupando  un  lugar  importante  en  el  desarrollo  del  conocimiento  y  de  la  cultura  de  nuestras sociedades,  que  han  ido  transformando  nuestras  concepciones  sobre  el  universo  y  nuestras formas  de  vida.  Este  contexto  exige  ciudadanos  que  sean  capaces  de  cuestionarse,  buscar información confiable, sistematizarla, analizarla, explicarla y tomar decisiones fundamentadas en conocimientos científicos, considerando las implicancias sociales y ambientales. Así también, ciudadanos  que  usen  el  conocimiento  científico  para  aprender  constantemente  y  tener  una forma de comprender los fenómenos que acontecen a su alrededor.");
	insert into curso (nombre, descripcion) values ('EDUCACIÓN RELIGIOSA', "El área de Educación Religiosa se ocupa particularmente de promover y facilitar el desarrollo de lassiguientes competencias de los estudiantes que eligen voluntariamente ser educados en el catolicismo: Construye su identidad como persona humana, amada por Dios, digna, libre y trascendente, comprendiendo la doctrina de su propia religión, abierto al diálogo con las que le son cercanas. Asume la experiencia el encuentro personal y comunitario con Dios en su proyecto de vida en coherencia con su creencia religiosa. Según  la  Ley  N°  29635  Ley  de  Libertad  Religiosa,  el  estudiante,  cuya  confesión  religiosa  es distinta a la Católica puede solicitar exoneración del área de Religión.");
	insert into curso (nombre, descripcion) values ('CASTELLANO COMO SEGUNDA LENGUA', "Nuestro país tiene una gran diversidad lingüística y cultural, por ello en nuestras aulas contamos con estudiantes que como parte de su herencia cultural y lingüística hablan una lengua originaria o  indígena,  la  cual  suele  ser  su  lengua  materna.  Según  el  contexto  lingüístico  en  el  que  se ubiquen,  además  de  consolidar  el  aprendizaje  de  su  propia  lengua  lo  harán  en  una  segunda lengua,  el  castellano.  Esta  será  el  puente  de  comunicación  intercultural  entre  hablantes  de diferentes lenguas además de una forma de acceder a nuevos conocimientos. Si  bien  hay  similaridades  entre  la  adquisición  de  la  lengua  materna  y  la  segunda  lengua,  los procesos son diferentes. La mayor parte de la adquisición de la lengua materna está completa cuando  un  niño  o  niña  ingresa  a  la  escuela  a  los  cinco  años  de  edad.  Es  más,  este  desarrollo usualmente ocurre sin un esfuerzo consciente. En el caso de la adquisición de la L2 en la escuela, el niño o niña tiene que desarrollar competencias comunicativas en una segunda lengua a partir del logro paulatino de competencias en su lengua materna. Por ello, con el objetivo de respetar el proceso de adquisición de ambas lenguas, contamos con un  área  de  castellano  como  segunda  lengua.  Esta  área  contribuiría  a  que  los  estudiantes establezcan   relaciones   sociales   con   otras   personas   endiferentes   ámbitos   de   sus   vidas, comunicarse,  y  ejercer  su  ciudadanía  en  contextos  públicos  y  privados,  más  allá  del  ámbito escolar.");
	
    -- secundaria (11) http://www.minedu.gob.pe/curriculo/pdf/03062016-programa-nivel-secundaria-ebr.pdf
    insert into curso (nombre, descripcion) values ('DESARROLLO PERSONAL, CIUDADANÍA Y CÍVICA', 'Vivimos en un mundo en que los cambios son continuos y donde constantemente se plantean nuevos desafíos y se brindan nuevas oportunidades para el desarrollo personal y social. En ese contexto, es fundamental que las personas se reconozcan como sujetos que van construyendo su identidad, que lo hacen en relación con otros y a lo largo de toda su vida. Junto con esto, también es necesario que se reconozcan como ciudadanos con derechosy responsabilidades, que aportan a la construcción de una sociedad más democrática.');
    insert into curso (nombre, descripcion) values ('CIENCIAS SOCIALES','El área de Ciencias Sociales permite que los estudiantes de la Educación Básica se formen como ciudadanos conscientes de la sociedad donde viven y de su rol como sujetos históricos a fin de que asuman compromisos y se constituyan en agentes de cambio de la realidad social a través de la gestión de los recursos ambientales y económicos. ');
    insert into curso (nombre, descripcion) values ('EDUCACIÓN PARA EL TRABAJO','Los cambios tecnológicos, sociales y económicos de las últimas dos décadas han transformado significativamente las características del mundo del trabajo. Así, la forma de acceder o generarse un empleo y desempeñarse con éxito en esta esfera de la vida humana es distinta hoy y continuará en constante cambio,reconfigurándose y proponiendo nuevos retos para los egresados de la Educación Básica.En este escenario, esta área de aprendizaje tiene el propósito de favorecer el acceso de los estudiantes al mundo laboral o la generación de empleo, a través del desarrollo de habilidades técnicas, conocimientos y actitudes que le permitan al estudiante proponer alternativas de solución frente a problemas o necesidades económicas o sociales, mediante la gestión de proyectos de emprendimiento, de manera que afiancen su potencial y aumente sus posibilidades de empleabilidad.');
    insert into curso (nombre, descripcion) values ('EDUCACIÓN FÍSICA','La  evolución  de  la  Educación  Física  está  determinada  actualmente  por  los  avances  sociales, científicos y tecnológicos en el mundo. Las demandas sociales respecto a la formación de hábitos relacionados  con  el  logro  del  bienestar  físico,  psicológico  y  emocional,  han  hecho  que  el  área haya  tomado  cada  vez  más  importancia  en  los  currículos  escolares.  Por  ello,  a  través  de  la Educación  Física  se  pretende  que  los  estudiantes desarrollen  una  conciencia  crítica  hacia  el cuidado de su salud y la de los demás, buscando que sean autónomos y capaces de asumir sus propias decisiones para la mejora de la calidad de vida.');
    insert into curso (nombre, descripcion) values ('COMUNICACIÓN','El  área  de  Comunicación  tiene  por  finalidad  que  los  estudiantes  desarrollen  competencias comunicativas  para  interactuar  con  otras  personas,  comprender  y  construir  la  realidad,  y representar  el  mundo  de  forma  real  o  imaginaria.  Este  desarrollo  se  da  mediante  el  uso  del lenguaje, una herramienta fundamental para la formación de las personas puespermite tomar conciencia  de  nosotros  mismos  al  organizar  y  dar  sentido  a  nuestras  vivencias  y  saberes.  Los aprendizajes  que  propicia  el  área  de  Comunicación  contribuyen  a  comprender  el  mundo contemporáneo, tomar decisiones y actuar éticamente en diferentes ámbitos de la vida.');
    insert into curso (nombre, descripcion) values ('ARTE  Y CULTURA','Desde los inicios de la civilización y a lo largo de la historia los hombres y mujeres han construido, diseñado y creado imágenes que les permitan simbolizar y representar su entorno, sus formas de vida, sus cosmovisiones e identidades.  Las artes son una parte integral de la vida cotidiana y están presentes en todas las culturas y sociedades. Abarcan desde las formas más tradicionales que se encuentran integradas a la vida de una comunidad (como los rituales, las celebraciones, los  ornamentos  y  las  artes  utilitarias),  hasta  las  formas  más  emergentes  y  contemporáneas (como las animaciones digitales, el arte involucrado con la ecología, las performances, etc.). A  través  de  las  artes,  las  personas  hemos  podido  reconocer  las  influencias  culturales  que  nos rodean e indagar acerca de quiénes somos y cómo nos relacionamos con los demás.  Además, son  un  registro  incomparable  del  pasado,  de  la  manera  en  que  nuestras  sociedades  han evolucionado a través del tiempo y un vehículo para comprender “cómo el arte se enfrenta con ideas, necesidades y valores que pueden encontrarse en todos los tiempos y lugares”.');
    insert into curso (nombre, descripcion) values ('CASTELLANO COMO SEGUNDA LENGUA','Nuestro país tiene una gran diversidad lingüística y cultural, por ello en nuestras aulas contamos con estudiantes que como parte de su herencia cultural y lingüística hablan una lengua originaria o  indígena,  la  cual  suele  ser su  lengua  materna.  Según  el  contexto  lingüístico  en  el  que  se ubiquen,  además  de  consolidar  el  aprendizaje  de  su  propia  lengua  lo  harán  en  una  segunda lengua,  el  castellano.  Esta  será  el  puente  de  comunicación  intercultural  entre  hablantes  de diferentes lenguas además de una forma de acceder a nuevos conocimientos. Si  bien  hay  similaridades  entre  la  adquisición  de  la  lengua  materna  y  la  segunda  lengua,  los procesos son diferentes. La mayor parte de la adquisición de la lengua materna está completa cuando  un  niño  o  niña  ingresa  a  la  escuela  a  los  cinco  años  de  edad.  Es  más,  este  desarrollo usualmente ocurre sin un esfuerzo consciente. En el caso de la adquisición de la L2 en la escuela, el niño o niña tiene que desarrollar competencias comunicativas en una segunda lengua a partir del logro paulatino de competencias en su lengua materna. Por ello, con el objetivo de respetar el proceso de adquisición de ambas lenguas, contamos con un  área  de  castellano  como  segunda  lengua.  Esta  área  contribuiría  a  que  los  estudiantes establezcan   relaciones   sociales   con   otras   personas   en   diferentes   ámbitos   de   sus   vidas, comunicarse,  y  ejercer  su  ciudadanía  en  contextos  públicos  y  privados,  más  allá  del  ámbito escolar.');
    insert into curso (nombre, descripcion) values ('INGLÉS','En  la  actualidad,  aprender  inglés  es  una  necesidad  por  ser  una  lengua  extranjera  clave  para acceder a lo último en avances tecnológicos, científicos y académicos, así como para conectarse con diversas realidades y contextos. Por ello buscamos desarrollarla competencia comunicativa de nuestros estudiantes en el idioma inglés,  para  facilitar  su  inserción  eficaz  en  la  economía  global  al  ampliar  su  acceso  a oportunidades académicas, tecnológicas, científicas, culturales y laborales.');
    insert into curso (nombre, descripcion) values ('MATEMÁTICA','La  matemática  es   una   actividad  humana  y   ocupa  un  lugar  relevante   en  el  desarrollo   delconocimiento y de la cultura de nuestras sociedades. Se encuentra en constante desarrollo y reajuste, y  por  ello  sustenta  una  creciente  variedad  de  investigaciones  en  las  ciencias,  las  tecnologías modernas  y  otras,  las  cuales  son  fundamentales  para  el  desarrollo  integral  del  país.  Esta  área  de aprendizaje contribuye en formar ciudadanos capaces de buscar, organizar, sistematizar y analizar información, entender el mundo que los rodea, desenvolverse en él, tomar decisiones pertinentes y resolver problemas en distintas contextos de manera creativa.');
    insert into curso (nombre, descripcion) values ('CIENCIA Y TECNOLOGÍA','La ciencia y la tecnología están presentes en diversos contextos de la actividad humana, ocupando un lugar importante en el desarrollo del conocimiento y de la cultura de nuestras  sociedades, que han  ido  transformando  nuestras  concepciones  sobre  el  universo  y  nuestras  formas  de  vida.  Este contexto  exige  ciudadanos  que  sean  capaces  de  cuestionarse,  buscar  información  confiable, sistematizarla,   analizarla,   explicarla   y   tomar   decisiones   fundamentadas   en   conocimientos científicos, considerando las implicancias sociales y ambientales. Así también, ciudadanos que usen el  conocimiento  científico  para  aprender  constantemente  y  tener  una  forma  de  comprender  los fenómenos que acontecen a su alrededor.');
    insert into curso (nombre, descripcion) values ('EDUCACIÓN RELIGIOSA','El  ser  humano  es  la  única  criatura  que  posee  la  capacidad  de  percibir lo  sagrado,  como  una disposición de su espíritu para captar el fundamento de las cosas. Toda persona en su vida, busca la  verdad  que  le  dé sentido  a  su  existencia  para  alcanzar  la  felicidad,  de  allí  que  la  dimensión religiosa presenta el hecho religioso y espiritual como una realidad integrada en el conjunto de expresiones de lo real.En ese contexto, es  fundamental que las  personas  descubran y asuman que existe  una verdad trascendente, que nos da una identidad y una dignidad humana, y tomen conciencia deque son hijos de Dios creados a su imagen y semejanza, reconociendo la acción providente de Dios en su vida,  en  su  comunidad  y  en  la  historia  humana  que  le  da  sentido  a  los  acontecimientos.  Así mismo, aprende a explicar de modo comprensible y razonable sufe al hombre actual, y asumir  un  proyecto de vida trascendente como respuesta responsable al amor de Dios. ');

-- nota ()

-- trabajador (10)
	-- director
	insert into trabajador (id_trabajador, cargo, nombres, apellidos, dni, fecha_nacimiento, celular, correo, pass, id_distrito) values (1, 'director', 'Bart', 'Aires', 38125376, '1972-12-14', 916128890, 'baires0@dailymotion.com', 123, 31);
	-- recepcion (4)
	insert into trabajador (id_trabajador, cargo, nombres, apellidos, dni, fecha_nacimiento, celular, correo, pass, id_distrito) values (2, 'recepcionista', 'Marena', 'Schoenfisch', 31554776, '1988-08-08', 907172850, 'mschoenfisch1@cornell.edu', 123, 10);
	insert into trabajador (id_trabajador, cargo, nombres, apellidos, dni, fecha_nacimiento, celular, correo, pass, id_distrito) values (3, 'recepcionista', 'Tomi', 'Mateu', 39352127, '1976-09-12', 915401027, 'tmateu2@liveinternet.ru', 123, 22);
	insert into trabajador (id_trabajador, cargo, nombres, apellidos, dni, fecha_nacimiento, celular, correo, pass, id_distrito) values (4, 'recepcionista', 'Enoch', 'Edgar', 11194793, '1981-07-15', 900427119, 'eedgar3@addtoany.com', 123, 3);
	insert into trabajador (id_trabajador, cargo, nombres, apellidos, dni, fecha_nacimiento, celular, correo, pass, id_distrito) values (5, 'docente', 'Tull', 'Haliburton', 17572125, '1977-10-04', 900998135, 'thaliburton4@howstuffworks.com', 123, 32);
	-- docente (5)
	insert into trabajador (id_trabajador, cargo, nombres, apellidos, dni, fecha_nacimiento, celular, correo, pass, id_distrito) values (6, 'docente', 'Sianna', 'Exton', 26912488, '1971-06-23', 919103743, 'sexton5@irs.gov', 123, 41);
	insert into trabajador (id_trabajador, cargo, nombres, apellidos, dni, fecha_nacimiento, celular, correo, pass, id_distrito) values (7, 'docente', 'Kali', 'Walklate', 16391661, '1969-08-11', 907217981, 'kwalklate6@cafepress.com', 123, 9);
	insert into trabajador (id_trabajador, cargo, nombres, apellidos, dni, fecha_nacimiento, celular, correo, pass, id_distrito) values (8, 'docente', 'Nicolis', 'Emig', 31815330, '1977-10-12', 903733059, 'nemig7@instagram.com', 123, 41);
	insert into trabajador (id_trabajador, cargo, nombres, apellidos, dni, fecha_nacimiento, celular, correo, pass, id_distrito) values (9, 'docente', 'Guenevere', 'Longland', 26804629, '1965-12-01', 919314150, 'glongland8@hugedomains.com', 123, 14);
	insert into trabajador (id_trabajador, cargo, nombres, apellidos, dni, fecha_nacimiento, celular, correo, pass, id_distrito) values (10, 'docente', 'Rey', 'Luchelli', 29176017, '1967-08-05', 915945240, 'rluchelli9@oakley.com', 123, 31);

-- horario ()
-- asistencia ()
-- malla ()
-- justificion ()
-- citaciones ()
-- permisos ()

