USE bd_webservicerest;
-- use bd_mpb_spring;

-- distritos (43)
INSERT INTO distritos (nombre) VALUES ('LIMA');
INSERT INTO distritos (nombre) VALUES ('ANCÓN');
INSERT INTO distritos (nombre) VALUES ('ATE');
INSERT INTO distritos (nombre) VALUES ('BARRANCO');
INSERT INTO distritos (nombre) VALUES ('BREÑA');
INSERT INTO distritos (nombre) VALUES ('CARABAYLLO');
INSERT INTO distritos (nombre) VALUES ('CHACLACAYO');
INSERT INTO distritos (nombre) VALUES ('CHORRILLOS');
INSERT INTO distritos (nombre) VALUES ('CIENEGUILLA');
INSERT INTO distritos (nombre) VALUES ('COMAS');
INSERT INTO distritos (nombre) VALUES ('EL AGUSTINO');
INSERT INTO distritos (nombre) VALUES ('INDEPENDENCIA');
INSERT INTO distritos (nombre) VALUES ('JESÚS MARÍA');
INSERT INTO distritos (nombre) VALUES ('LA MOLINA');
INSERT INTO distritos (nombre) VALUES ('LA VICTORIA');
INSERT INTO distritos (nombre) VALUES ('LINCE');
INSERT INTO distritos (nombre) VALUES ('LOS OLIVOS');
INSERT INTO distritos (nombre) VALUES ('LURIGANCHO');
INSERT INTO distritos (nombre) VALUES ('LURÍN');
INSERT INTO distritos (nombre) VALUES ('MAGDALENA DEL MAR');
INSERT INTO distritos (nombre) VALUES ('PUEBLO LIBRE');
INSERT INTO distritos (nombre) VALUES ('MIRAFLORES');
INSERT INTO distritos (nombre) VALUES ('PACHACAMAC');
INSERT INTO distritos (nombre) VALUES ('PUCUSANA');
INSERT INTO distritos (nombre) VALUES ('PUENTE PIEDRA');
INSERT INTO distritos (nombre) VALUES ('PUNTA HERMOSA');
INSERT INTO distritos (nombre) VALUES ('PUNTA NEGRA');
INSERT INTO distritos (nombre) VALUES ('RÍMAC');
INSERT INTO distritos (nombre) VALUES ('SAN BARTOLO');
INSERT INTO distritos (nombre) VALUES ('SAN BORJA');
INSERT INTO distritos (nombre) VALUES ('SAN ISIDRO');
INSERT INTO distritos (nombre) VALUES ('SAN JUAN DE LURIGANCHO');
INSERT INTO distritos (nombre) VALUES ('SAN JUAN DE MIRAFLORES');
INSERT INTO distritos (nombre) VALUES ('SAN LUIS');
INSERT INTO distritos (nombre) VALUES ('SAN MARTÍN DE PORRES');
INSERT INTO distritos (nombre) VALUES ('SAN MIGUEL');
INSERT INTO distritos (nombre) VALUES ('SANTA ANITA');
INSERT INTO distritos (nombre) VALUES ('SANTA MARÍA DEL MAR');
INSERT INTO distritos (nombre) VALUES ('SANTA ROSA');
INSERT INTO distritos (nombre) VALUES ('SANTIAGO DE SURCO');
INSERT INTO distritos (nombre) VALUES ('SURQUILLO');
INSERT INTO distritos (nombre) VALUES ('VILLA EL SALVADOR');
INSERT INTO distritos (nombre) VALUES ('VILLA MARÍA DEL TRIUNFO');

-- apoderados (30)
insert into apoderados (dni_apoderado, nombre, apellido, celular, correo, pass, distrito_id, estado) values (34887445, 'Dena', 'Cardnell', 900469120, 'dcardnell0@tuttocitta.it', 123, 39, 1);
insert into apoderados (dni_apoderado, nombre, apellido, celular, correo, pass, distrito_id, estado) values (81464165, 'Ichabod', 'Cicchinelli', 973637497, 'icicchinelli0@newsvine.com', 123, 3, 1);
insert into apoderados (dni_apoderado, nombre, apellido, celular, correo, pass, distrito_id, estado) values (67294996, 'Nikolai', 'Tieman', 929901641, 'ntieman1@apache.org', 123, 40, 1);
insert into apoderados (dni_apoderado, nombre, apellido, celular, correo, pass, distrito_id, estado) values (73075298, 'Josephine', 'Van Arsdall', 957331388, 'jvanarsdall2@whitehouse.gov', 123, 13, 1);
insert into apoderados (dni_apoderado, nombre, apellido, celular, correo, pass, distrito_id, estado) values (52004961, 'Kelsy', 'Yitzhakov', 985366749, 'kyitzhakov3@spotify.com', 123, 32, 1);
insert into apoderados (dni_apoderado, nombre, apellido, celular, correo, pass, distrito_id, estado) values (95904233, 'Maisey', 'Unitt', 909703223, 'munitt4@ameblo.jp', 123, 21, 1);
insert into apoderados (dni_apoderado, nombre, apellido, celular, correo, pass, distrito_id, estado) values (24772789, 'Gordy', 'McPaik', 945227135, 'gmcpaik5@ameblo.jp', 123, 42, 1);
insert into apoderados (dni_apoderado, nombre, apellido, celular, correo, pass, distrito_id, estado) values (33418489, 'Shir', 'Yakubov', 902870573, 'syakubov6@time.com', 123, 10, 1);
insert into apoderados (dni_apoderado, nombre, apellido, celular, correo, pass, distrito_id, estado) values (84382327, 'Allard', 'Skottle', 911146199, 'askottle7@icio.us', 123, 24, 1);
insert into apoderados (dni_apoderado, nombre, apellido, celular, correo, pass, distrito_id, estado) values (41176568, 'Connie', 'Melling', 970901155, 'cmelling8@imdb.com', 123, 21, 1);

insert into apoderados (dni_apoderado, nombre, apellido, celular, correo, pass, distrito_id, estado) values (25649104, 'Dore', 'Cordet', 935683185, 'dcordet9@slate.com', 123, 15, 1);
insert into apoderados (dni_apoderado, nombre, apellido, celular, correo, pass, distrito_id, estado) values (87432154, 'Austin', 'Garshore', 959461020, 'agarshorea@mediafire.com', 123, 21, 1);
insert into apoderados (dni_apoderado, nombre, apellido, celular, correo, pass, distrito_id, estado) values (37358342, 'Blaire', 'Snoxall', 907899589, 'bsnoxallb@feedburner.com', 123, 2, 1);
insert into apoderados (dni_apoderado, nombre, apellido, celular, correo, pass, distrito_id, estado) values (19140415, 'Sallie', 'Buckwell', 995126787, 'sbuckwellc@eepurl.com', 123, 37, 1);
insert into apoderados (dni_apoderado, nombre, apellido, celular, correo, pass, distrito_id, estado) values (95904386, 'Anderson', 'Faley', 909554270, 'afaleyd@hostgator.com', 123, 19, 1);
insert into apoderados (dni_apoderado, nombre, apellido, celular, correo, pass, distrito_id, estado) values (12247488, 'Maryanne', 'Maling', 917441128, 'mmalinge@biglobe.ne.jp', 123, 6, 1);
insert into apoderados (dni_apoderado, nombre, apellido, celular, correo, pass, distrito_id, estado) values (66563048, 'Karin', 'Billam', 905652839, 'kbillamf@discovery.com', 123, 21, 1);
insert into apoderados (dni_apoderado, nombre, apellido, celular, correo, pass, distrito_id, estado) values (20982350, 'Jillie', 'Orfeur', 968630912, 'jorfeurg@nymag.com', 123, 8, 1);
insert into apoderados (dni_apoderado, nombre, apellido, celular, correo, pass, distrito_id, estado) values (87673066, 'Rozanna', 'Richarson', 988457535, 'rricharsonh@unc.edu', 123, 5, 1);
insert into apoderados (dni_apoderado, nombre, apellido, celular, correo, pass, distrito_id, estado) values (71652455, 'Aimee', 'Hamshere', 954164868, 'ahamsherei@imageshack.us', 123, 27, 1);

insert into apoderados (dni_apoderado, nombre, apellido, celular, correo, pass, distrito_id, estado) values (72713455, 'Zaccaria', 'Jiles', 988396380, 'zjilesj@timesonline.co.uk', 123, 21, 1);
insert into apoderados (dni_apoderado, nombre, apellido, celular, correo, pass, distrito_id, estado) values (39948404, 'Rebecka', 'Crowder', 924370198, 'rcrowderk@webnode.com', 123, 30, 1);
insert into apoderados (dni_apoderado, nombre, apellido, celular, correo, pass, distrito_id, estado) values (16029997, 'Meredeth', 'Drewet', 966654611, 'mdrewetl@live.com', 123, 24, 1);
insert into apoderados (dni_apoderado, nombre, apellido, celular, correo, pass, distrito_id, estado) values (12076402, 'Harlin', 'Versey', 919869610, 'hverseym@state.tx.us', 123, 7, 1);
insert into apoderados (dni_apoderado, nombre, apellido, celular, correo, pass, distrito_id, estado) values (96982269, 'Silas', 'Malek', 927841140, 'smalekn@over-blog.com', 123, 25, 1);
insert into apoderados (dni_apoderado, nombre, apellido, celular, correo, pass, distrito_id, estado) values (38536222, 'Hadley', 'Forman', 909767684, 'hformano@jimdo.com', 123, 40, 1);
insert into apoderados (dni_apoderado, nombre, apellido, celular, correo, pass, distrito_id, estado) values (36023841, 'Melvyn', 'Croson', 931568416, 'mcrosonp@craigslist.org', 123, 25, 1);
insert into apoderados (dni_apoderado, nombre, apellido, celular, correo, pass, distrito_id, estado) values (24152943, 'Judy', 'Tallow', 990200916, 'jtallowq@ask.com', 123, 26, 1);
insert into apoderados (dni_apoderado, nombre, apellido, celular, correo, pass, distrito_id, estado) values (13866466, 'Wendye', 'Sigert', 977763453, 'wsigertr@guardian.co.uk', 123, 31, 1);
insert into apoderados (dni_apoderado, nombre, apellido, celular, correo, pass, distrito_id, estado) values (21747230, 'Vally', 'Bensusan', 955954139, 'vbensusans@creativecommons.org', 123, 24, 1);
-- Cabos: apoderado extra que he creado para el movil - estudiantes [61933011 (6toA sec) , 61933012 ()] ------------------------------------------------------------------------------------------------------------
insert into apoderados (dni_apoderado, nombre, apellido, celular, correo, pass, distrito_id, direccion, estado) values ('06662516', 'Daiana', 'MacArd', 955123353, 'vbensusans@creativecommons.org', 12345678, 12, 'Calle 12 166', 1); -- en uso
-- --------------------------------------------------------------------------------------------------------------------------------------------------------------------------------------------------

-- estudiantes (42)
-- inicial (9)
-- 3 años (05/15/2016 - 02/28/2017)
-- A
insert into estudiantes (dni_estudiante, nombre, apellido, fnacimiento, dni_apoderado, celular, correo, distrito_id, direccion, pass, estado, condicion) values (21363620, 'Ingra', 'Thurber', '2017-02-21', 34887445, 906207287, 'ithurber0@omniture.com', 38, '2 Del Mar Circle', 123, 1, 'no promovido');
insert into estudiantes (dni_estudiante, nombre, apellido, fnacimiento, dni_apoderado, celular, correo, distrito_id, direccion, pass, estado, condicion) values (58763002, 'Nerissa', 'Papez', '2017-05-15', 34887445, 980103225, 'npapez1@blog.com', 14, '72 Kennedy Terrace', 123, 1, 'no promovido');

-- B
insert into estudiantes (dni_estudiante, nombre, apellido, fnacimiento, dni_apoderado, celular, correo, distrito_id, direccion, pass, estado, condicion) values (64682523, 'Ivie', 'Pow', '2017-01-04', 81464165, 960746845, 'ipow9@latimes.com', 35, '1711 Gale Trail', 123, 1, 'no promovido');
insert into estudiantes (dni_estudiante, nombre, apellido, fnacimiento, dni_apoderado, celular, correo, distrito_id, direccion, pass, estado, condicion) values (22062538, 'Boonie', 'Runnalls', '2017-02-21', 21747230, 959918630, 'brunnallsc@npr.org', 37, '49 Memorial Lane', 123, 1, 'promovido');


-- C
insert into estudiantes (dni_estudiante, nombre, apellido, fnacimiento, dni_apoderado, celular, correo, distrito_id, direccion, pass, estado, condicion) values (21196788, 'Evonne', 'Johnke', '2017-02-07', 81464165, 914783150, 'ejohnkei@1und1.de', 35, '299 Troy Street', 123, 1, 'promovido');
insert into estudiantes (dni_estudiante, nombre, apellido, fnacimiento, dni_apoderado, celular, correo, distrito_id, direccion, pass, estado, condicion) values (15280323, 'Aimil', 'Gimbart', '2017-02-06', 67294996, 911343520, 'agimbartj@storify.com', 16, '013 Leroy Junction', 123, 1, 'no promovido');



-- 4 años (05/15/2015 - 02/28/2016)
-- A
insert into estudiantes (dni_estudiante, nombre, apellido, fnacimiento, dni_apoderado, celular, correo, distrito_id, direccion, pass, estado, condicion) values (33674684, 'Ernaline', 'Kilvington', '2016-02-05', 67294996, 921920178, 'ekilvington0@pagesperso-orange.fr', 39, '85 Haas Street', 123, 1, 'no promovido');
insert into estudiantes (dni_estudiante, nombre, apellido, fnacimiento, dni_apoderado, celular, correo, distrito_id, direccion, pass, estado, condicion) values (15001685, 'Clevie', 'Buss', '2015-12-29', 67294996, 921380079, 'cbuss1@php.net', 43, '7322 Hagan Avenue', 123, 1, 'no promovido');


-- B
insert into estudiantes (dni_estudiante, nombre, apellido, fnacimiento, dni_apoderado, celular, correo, distrito_id, direccion, pass, estado, condicion) values (18660284, 'Karmen', 'Flooks', '2015-05-25', 73075298, 968602557, 'kflooks9@berkeley.edu', 28, '9 Shoshone Hill', 123, 1, 'promovido');
insert into estudiantes (dni_estudiante, nombre, apellido, fnacimiento, dni_apoderado, celular, correo, distrito_id, direccion, pass, estado, condicion) values (21149309, 'Karoly', 'Stanlock', '2016-01-30', 21747230, 995131936, 'kstanlocka@soup.io', 3, '3 Lyons Alley', 123, 1, 'promovido');


-- C
insert into estudiantes (dni_estudiante, nombre, apellido, fnacimiento, dni_apoderado, celular, correo, distrito_id, direccion, pass, estado, condicion) values (93743296, 'Lindsey', 'Bouttell', '2015-06-05', 73075298, 995085530, 'lbouttelli@microsoft.com', 33, '33 Mallard Parkway', 123, 1, 'promovido');
insert into estudiantes (dni_estudiante, nombre, apellido, fnacimiento, dni_apoderado, celular, correo, distrito_id, direccion, pass, estado, condicion) values (36511052, 'Sibilla', 'Timmes', '2015-10-15', 52004961, 901233820, 'stimmesj@nhs.uk', 5, '268 Karstens Park', 123, 1, 'no promovido');



-- 5 años (05/15/2014 - 02/28/2015)
-- A
insert into estudiantes (dni_estudiante, nombre, apellido, fnacimiento, dni_apoderado, celular, correo, distrito_id, direccion, pass, estado, condicion) values (21111584, 'Zebulon', 'Lettley', '2014-08-27', 52004961, 998360096, 'zlettley0@dailymotion.com', 7, '0131 Thierer Avenue', 123, 1, 'no promovido');
insert into estudiantes (dni_estudiante, nombre, apellido, fnacimiento, dni_apoderado, celular, correo, distrito_id, direccion, pass, estado, condicion) values (52718606, 'Lenci', 'Grissett', '2014-06-19', 52004961, 944395836, 'lgrissett1@nationalgeographic.com', 4, '336 Lukken Center', 123, 1, 'no promovido');


-- B
insert into estudiantes (dni_estudiante, nombre, apellido, fnacimiento, dni_apoderado, celular, correo, distrito_id, direccion, pass, estado, condicion) values (66576883, 'Dori', 'Gelling', '2015-01-16', 95904233, 916348831, 'dgelling9@ovh.net', 5, '4125 Hazelcrest Court', 123, 1, 'promovido');
insert into estudiantes (dni_estudiante, nombre, apellido, fnacimiento, dni_apoderado, celular, correo, distrito_id, direccion, pass, estado, condicion) values (24514414, 'Kerry', 'McRill', '2014-07-28', 21747230, 907893276, 'kmcrilla@utexas.edu', 11, '9800 International Road', 123, 1, 'promovido');


-- C
insert into estudiantes (dni_estudiante, nombre, apellido, fnacimiento, dni_apoderado, celular, correo, distrito_id, direccion, pass, estado, condicion) values (63701795, 'Cymbre', 'Dunckley', '2014-11-14', 95904233, 959788888, 'cdunckleyi@unesco.org', 42, '32 Browning Plaza', 123, 1, 'promovido');
insert into estudiantes (dni_estudiante, nombre, apellido, fnacimiento, dni_apoderado, celular, correo, distrito_id, direccion, pass, estado, condicion) values (38052507, 'Rachelle', 'Cosin', '2015-01-15', 24772789, 962928939, 'rcosinj@php.net', 37, '25403 Hooker Park', 123, 1, 'no promovido');




-- primaria (18)
-- 1ro 6 (05/15/2013 - 02/28/2014)
-- A
insert into estudiantes (dni_estudiante, nombre, apellido, fnacimiento, dni_apoderado, celular, correo, distrito_id, direccion, pass, estado, condicion) values (49617155, 'Ash', 'Wyndham', '2013-06-11', 24772789, 919041313, 'awyndham0@constantcontact.com', 5, '91765 Oak Valley Street', 123, 1, 'no promovido');
insert into estudiantes (dni_estudiante, nombre, apellido, fnacimiento, dni_apoderado, celular, correo, distrito_id, direccion, pass, estado, condicion) values (95311589, 'Samuele', 'Bambridge', '2014-01-15', 24772789, 927832767, 'sbambridge1@skype.com', 38, '21 Katie Plaza', 123, 1, 'promovido');


-- B
insert into estudiantes (dni_estudiante, nombre, apellido, fnacimiento, dni_apoderado, celular, correo, distrito_id, direccion, pass, estado, condicion) values (78479807, 'L;urette', 'Piwall', '2014-01-25', 33418489, 903982884, 'lpiwalli@gravatar.com', 5, '199 Delaware Alley', 123, 1, 'no promovido');
insert into estudiantes (dni_estudiante, nombre, apellido, fnacimiento, dni_apoderado, celular, correo, distrito_id, direccion, pass, estado, condicion) values (38470928, 'Coreen', 'Steadman', '2013-11-10', 33418489, 990724743, 'csteadmanj@vistaprint.com', 34, '234 Killdeer Avenue', 123, 1, 'no promovido');


-- C
insert into estudiantes (dni_estudiante, nombre, apellido, fnacimiento, dni_apoderado, celular, correo, distrito_id, direccion, pass, estado, condicion) values (19788780, 'Griswold', 'Durning', '2013-06-27', 33418489, 928416961, 'gdurning10@cafepress.com', 21, '533 Trailsway Street', 123, 1, 'promovido');
insert into estudiantes (dni_estudiante, nombre, apellido, fnacimiento, dni_apoderado, celular, correo, distrito_id, direccion, pass, estado, condicion) values (77297111, 'Rik', 'Townrow', '2013-08-02', 84382327, 978930244, 'rtownrow11@blogger.com', 35, '85 Chive Trail', 123, 1, 'no promovido');


-- 2do 7 (05/15/2012 - 02/28/2013)
-- A
insert into estudiantes (dni_estudiante, nombre, apellido, fnacimiento, dni_apoderado, celular, correo, distrito_id, direccion, pass, estado, condicion) values (29772376, 'Dorothee', 'Trahear', '2013-02-07', 84382327, 999496864, 'dtrahear0@a8.net', 40, '5300 Hanover Park', 123, 1, 'promovido');
insert into estudiantes (dni_estudiante, nombre, apellido, fnacimiento, dni_apoderado, celular, correo, distrito_id, direccion, pass, estado, condicion) values (93162291, 'Marilin', 'Tatlowe', '2012-11-02', 84382327, 940018556, 'mtatlowe1@com.com', 15, '5062 Jenna Junction', 123, 1, 'promovido');


-- B
insert into estudiantes (dni_estudiante, nombre, apellido, fnacimiento, dni_apoderado, celular, correo, distrito_id, direccion, pass, estado, condicion) values (12562513, 'Magnum', 'Kubatsch', '2012-07-17', 41176568, 941213021, 'mkubatschi@cargocollective.com', 22, '5479 Truax Park', 123, 1, 'no promovido');
insert into estudiantes (dni_estudiante, nombre, apellido, fnacimiento, dni_apoderado, celular, correo, distrito_id, direccion, pass, estado, condicion) values (99098122, 'Kati', 'Paulin', '2012-10-18', 41176568, 990827028, 'kpaulinj@prlog.org', 20, '449 New Castle Place', 123, 1, 'no promovido');


-- C
insert into estudiantes (dni_estudiante, nombre, apellido, fnacimiento, dni_apoderado, celular, correo, distrito_id, direccion, pass, estado, condicion) values (59772919, 'Pall', 'Lawey', '2012-05-29', 41176568, 934271545, 'plawey10@friendfeed.com', 27, '8875 Moulton Alley', 123, 1, 'no promovido');
insert into estudiantes (dni_estudiante, nombre, apellido, fnacimiento, dni_apoderado, celular, correo, distrito_id, direccion, pass, estado, condicion) values (33649274, 'Jeremiah', 'Robardey', '2012-08-28', 25649104, 931172271, 'jrobardey11@ebay.co.uk', 38, '25416 Moose Terrace', 123, 1, 'no promovido');


-- 3ro 8 (05/15/2011 - 02/28/2012)
-- A
insert into estudiantes (dni_estudiante, nombre, apellido, fnacimiento, dni_apoderado, celular, correo, distrito_id, direccion, pass, estado, condicion) values (34858531, 'Helenelizabeth', 'Sellens', '2012-01-29', 25649104, 991420074, 'hsellens0@paginegialle.it', 38, '67806 Anhalt Place', 123, 1, 'no promovido');
insert into estudiantes (dni_estudiante, nombre, apellido, fnacimiento, dni_apoderado, celular, correo, distrito_id, direccion, pass, estado, condicion) values (62088305, 'Diego', 'Bein', '2011-06-11', 25649104, 983546184, 'dbein1@usgs.gov', 13, '79450 Debs Park', 123, 1, 'promovido');


-- B
insert into estudiantes (dni_estudiante, nombre, apellido, fnacimiento, dni_apoderado, celular, correo, distrito_id, direccion, pass, estado, condicion) values (45032722, 'Michail', 'Debnam', '2011-09-12', 87432154, 945734908, 'mdebnami@businessweek.com', 20, '5 Sundown Trail', 123, 1, 'promovido');
insert into estudiantes (dni_estudiante, nombre, apellido, fnacimiento, dni_apoderado, celular, correo, distrito_id, direccion, pass, estado, condicion) values (28893303, 'Chandra', 'Oldis', '2011-08-01', 87432154, 946249045, 'coldisj@dailymail.co.uk', 32, '6 Northridge Court', 123, 1, 'promovido');


-- C
insert into estudiantes (dni_estudiante, nombre, apellido, fnacimiento, dni_apoderado, celular, correo, distrito_id, direccion, pass, estado, condicion) values (52890042, 'Jada', 'Stubbings', '2011-09-02', 87432154, 966680095, 'jstubbings10@dedecms.com', 5, '26754 Dunning Parkway', 123, 1, 'no promovido');
insert into estudiantes (dni_estudiante, nombre, apellido, fnacimiento, dni_apoderado, celular, correo, distrito_id, direccion, pass, estado, condicion) values (11241276, 'Hanson', 'Attwool', '2011-12-25', 37358342, 958300453, 'hattwool11@tuttocitta.it', 36, '30048 Tony Junction', 123, 1, 'promovido');


-- 4to 9 (05/15/2010 - 02/28/2011)
-- A
insert into estudiantes (dni_estudiante, nombre, apellido, fnacimiento, dni_apoderado, celular, correo, distrito_id, direccion, pass, estado, condicion) values (97751016, 'Odelle', 'Darko', '2010-06-03', 37358342, 957990200, 'odarko0@omniture.com', 9, '011 Blue Bill Park Junction', 123, 1, 'promovido');
insert into estudiantes (dni_estudiante, nombre, apellido, fnacimiento, dni_apoderado, celular, correo, distrito_id, direccion, pass, estado, condicion) values (22481152, 'Arley', 'Eouzan', '2011-02-05', 37358342, 909584696, 'aeouzan1@google.it', 9, '9 Bultman Court', 123, 1, 'promovido');
-- Cabos: estudiante hermana menor de 61933011 - apoderado: 06662516 ---------------------------------------------------------------------------------------------------------------------------------------------------------------------------------------------------------------------------------
INSERT INTO estudiantes (dni_estudiante, nombre, apellido, fnacimiento, dni_apoderado, celular, correo, distrito_id, direccion, pass, estado, condicion) VALUES (61933012, 'Nicole', 'MacArd', '2011-03-05', '06662516', 945573734, 'nmacard0@gmail.com', 12, '42 Upham Way', 12345678, 1, 'promovido'); -- en uso
-- ---------------------------------------------------------------------------------------------------------------------------------------------------------------------------------------------------------------------------------------------------------------------------------------------------


-- B
insert into estudiantes (dni_estudiante, nombre, apellido, fnacimiento, dni_apoderado, celular, correo, distrito_id, direccion, pass, estado, condicion) values (76218506, 'Fabiano', 'Thoms', '2011-01-24', 19140415, 965003404, 'fthomsi@delicious.com', 6, '93 Valley Edge Plaza', 123, 1, 'promovido');
insert into estudiantes (dni_estudiante, nombre, apellido, fnacimiento, dni_apoderado, celular, correo, distrito_id, direccion, pass, estado, condicion) values (90418187, 'Even', 'Barrable', '2011-01-01', 19140415, 925516449, 'ebarrablek@globo.com', 15, '7585 Mallard Place', 123, 1, 'no promovido');


-- C
insert into estudiantes (dni_estudiante, nombre, apellido, fnacimiento, dni_apoderado, celular, correo, distrito_id, direccion, pass, estado, condicion) values (43351816, 'Erick', 'Frayne', '2010-06-23', 19140415, 937163265, 'efrayne10@jalbum.net', 8, '4193 Lawn Road', 123, 1, 'no promovido');
insert into estudiantes (dni_estudiante, nombre, apellido, fnacimiento, dni_apoderado, celular, correo, distrito_id, direccion, pass, estado, condicion) values (82373582, 'Linn', 'Edgecumbe', '2010-09-25', 95904386, 990847916, 'ledgecumbe11@techcrunch.com', 39, '4 Longview Alley', 123, 1, 'no promovido');


-- 5to 10 (05/15/2009 - 02/28/2010)
-- A
insert into estudiantes (dni_estudiante, nombre, apellido, fnacimiento, dni_apoderado, celular, correo, distrito_id, direccion, pass, estado, condicion) values (30957121, 'Zacharia', 'Elcox', '2009-09-29', 95904386, 915633142, 'zelcox0@mozilla.org', 16, '75028 Clyde Gallagher Court', 123, 1, 'no promovido');
insert into estudiantes (dni_estudiante, nombre, apellido, fnacimiento, dni_apoderado, celular, correo, distrito_id, direccion, pass, estado, condicion) values (85168417, 'Claudia', 'Foyle', '2009-10-04', 95904386, 906207367, 'cfoyle1@yandex.ru', 15, '0983 Browning Lane', 123, 1, 'no promovido');


-- B
insert into estudiantes (dni_estudiante, nombre, apellido, fnacimiento, dni_apoderado, celular, correo, distrito_id, direccion, pass, estado, condicion) values (47445369, 'Nike', 'Clines', '2009-07-25', 12247488, 953541311, 'nclinesi@psu.edu', 39, '63 5th Parkway', 123, 1, 'no promovido');
insert into estudiantes (dni_estudiante, nombre, apellido, fnacimiento, dni_apoderado, celular, correo, distrito_id, direccion, pass, estado, condicion) values (21667300, 'Louis', 'Roggeman', '2009-08-03', 12247488, 911902327, 'lroggemanj@123-reg.co.uk', 32, '0955 Bartillon Hill', 123, 1, 'no promovido');


-- C
insert into estudiantes (dni_estudiante, nombre, apellido, fnacimiento, dni_apoderado, celular, correo, distrito_id, direccion, pass, estado, condicion) values (92078762, 'Pat', 'Mease', '2009-06-19', 12247488, 985008731, 'pmease10@spotify.com', 39, '927 Hollow Ridge Avenue', 123, 1, 'promovido');
insert into estudiantes (dni_estudiante, nombre, apellido, fnacimiento, dni_apoderado, celular, correo, distrito_id, direccion, pass, estado, condicion) values (40927962, 'Henderson', 'Penson', '2009-07-29', 66563048, 966797026, 'hpenson11@hud.gov', 6, '67 Jenifer Plaza', 123, 1, 'no promovido');


-- 6to 11 (05/15/2008 - 02/28/2009)
-- A
insert into estudiantes (dni_estudiante, nombre, apellido, fnacimiento, dni_apoderado, celular, correo, distrito_id, direccion, pass, estado, condicion) values (96836095, 'Becka', 'Robb', '2009-02-24', 66563048, 960524165, 'brobb0@twitpic.com', 15, '4 Westridge Lane', 123, 1, 'no promovido');
insert into estudiantes (dni_estudiante, nombre, apellido, fnacimiento, dni_apoderado, celular, correo, distrito_id, direccion, pass, estado, condicion) values (21700268, 'Cosetta', 'Whyteman', '2008-08-21', 66563048, 901926202, 'cwhyteman1@google.com.au', 3, '4 Lakewood Crossing', 123, 1, 'no promovido');


-- B
insert into estudiantes (dni_estudiante, nombre, apellido, fnacimiento, dni_apoderado, celular, correo, distrito_id, direccion, pass, estado, condicion) values (44582152, 'Simone', 'Spray', '2008-12-17', 20982350, 998362770, 'ssprayi@i2i.jp', 13, '4077 Elmside Plaza', 123, 1, 'no promovido');
insert into estudiantes (dni_estudiante, nombre, apellido, fnacimiento, dni_apoderado, celular, correo, distrito_id, direccion, pass, estado, condicion) values (25305752, 'Sinclair', 'Feares', '2008-07-06', 20982350, 929778448, 'sfearesj@wordpress.com', 25, '0 Elmside Alley', 123, 1, 'no promovido');


-- C
insert into estudiantes (dni_estudiante, nombre, apellido, fnacimiento, dni_apoderado, celular, correo, distrito_id, direccion, pass, estado, condicion) values (72818551, 'Florrie', 'Traynor', '2008-06-16', 20982350, 955644218, 'ftraynor10@goo.ne.jp', 42, '1 Anderson Place', 123, 1, 'promovido');
insert into estudiantes (dni_estudiante, nombre, apellido, fnacimiento, dni_apoderado, celular, correo, distrito_id, direccion, pass, estado, condicion) values (12481988, 'Chane', 'Jellyman', '2008-07-26', 87673066, 900811093, 'cjellyman11@deviantart.com', 32, '8022 Buhler Plaza', 123, 1, 'no promovido');



-- secundaria (15)
-- 1ro 12 (05/15/2007 - 02/28/2008)
-- A
insert into estudiantes (dni_estudiante, nombre, apellido, fnacimiento, dni_apoderado, celular, correo, distrito_id, direccion, pass, estado, condicion) values (22265411, 'Barclay', 'Whooley', '2007-06-24', 87673066, 959467187, 'bwhooley0@vimeo.com', 17, '9 7th Avenue', 123, 1, 'promovido');
insert into estudiantes (dni_estudiante, nombre, apellido, fnacimiento, dni_apoderado, celular, correo, distrito_id, direccion, pass, estado, condicion) values (32992207, 'Rogerio', 'Linnell', '2007-12-20', 87673066, 945877868, 'rlinnell1@desdev.cn', 28, '398 Pawling Junction', 123, 1, 'promovido');


-- B
insert into estudiantes (dni_estudiante, nombre, apellido, fnacimiento, dni_apoderado, celular, correo, distrito_id, direccion, pass, estado, condicion) values (47968281, 'Immanuel', 'Belasco', '2007-07-24', 71652455, 968068693, 'ibelascof@indiatimes.com', 7, '6 Lien Street', 123, 1, 'no promovido');
insert into estudiantes (dni_estudiante, nombre, apellido, fnacimiento, dni_apoderado, celular, correo, distrito_id, direccion, pass, estado, condicion) values (54755542, 'Elvera', 'Chrippes', '2007-07-12', 71652455, 994150992, 'echrippesg@is.gd', 41, '92346 Dapin Parkway', 123, 1, 'promovido');


-- C
insert into estudiantes (dni_estudiante, nombre, apellido, fnacimiento, dni_apoderado, celular, correo, distrito_id, direccion, pass, estado, condicion) values (19791845, 'Fonz', 'Seekings', '2007-08-22', 71652455, 906424017, 'fseekingsu@huffingtonpost.com', 11, '6 Surrey Place', 123, 1, 'promovido');
insert into estudiantes (dni_estudiante, nombre, apellido, fnacimiento, dni_apoderado, celular, correo, distrito_id, direccion, pass, estado, condicion) values (89822842, 'Zollie', 'Maloney', '2007-12-20', 72713455, 973573687, 'zmaloneyv@people.com.cn', 29, '62975 Armistice Terrace', 123, 1, 'promovido');



-- 2do 13 (05/15/2006 - 02/28/2007)
-- A
insert into estudiantes (dni_estudiante, nombre, apellido, fnacimiento, dni_apoderado, celular, correo, distrito_id, direccion, pass, estado, condicion) values (40936399, 'Cyril', 'Chippin', '2006-10-10', 72713455, 955602756, 'cchippin0@i2i.jp', 41, '89 Melody Alley', 123, 1, 'no promovido');
insert into estudiantes (dni_estudiante, nombre, apellido, fnacimiento, dni_apoderado, celular, correo, distrito_id, direccion, pass, estado, condicion) values (83085509, 'Lebbie', 'Cantero', '2007-01-26', 72713455, 999246445, 'lcantero1@deliciousdays.com', 14, '95283 Corscot Hill', 123, 1, 'no promovido');


-- B
insert into estudiantes (dni_estudiante, nombre, apellido, fnacimiento, dni_apoderado, celular, correo, distrito_id, direccion, pass, estado, condicion) values (87457709, 'Gussi', 'Crum', '2007-02-14', 39948404, 928064099, 'gcrumf@reference.com', 42, '8314 Mockingbird Road', 123, 1, 'no promovido');
insert into estudiantes (dni_estudiante, nombre, apellido, fnacimiento, dni_apoderado, celular, correo, distrito_id, direccion, pass, estado, condicion) values (83936167, 'Bradley', 'Spellar', '2006-06-10', 39948404, 998748703, 'bspellarg@huffingtonpost.com', 19, '3846 Norway Maple Center', 123, 1, 'no promovido');


-- C
insert into estudiantes (dni_estudiante, nombre, apellido, fnacimiento, dni_apoderado, celular, correo, distrito_id, direccion, pass, estado, condicion) values (75246147, 'Bunny', 'Arkill', '2006-07-09', 39948404, 908874895, 'barkillu@myspace.com', 1, '717 Elka Circle', 123, 1, 'promovido');
insert into estudiantes (dni_estudiante, nombre, apellido, fnacimiento, dni_apoderado, celular, correo, distrito_id, direccion, pass, estado, condicion) values (94405623, 'Janela', 'Westhead', '2006-05-22', 16029997, 972799124, 'jwestheadx@artisteer.com', 5, '6224 Bobwhite Circle', 123, 1, 'promovido');



-- 3ro 14 (05/15/2005 - 02/28/2006)
-- A
insert into estudiantes (dni_estudiante, nombre, apellido, fnacimiento, dni_apoderado, celular, correo, distrito_id, direccion, pass, estado, condicion) values (99124835, 'Shawnee', 'Andree', '2005-10-24', 16029997, 997638891, 'sandree0@bandcamp.com', 15, '753 Drewry Center', 123, 1, 'no promovido');
insert into estudiantes (dni_estudiante, nombre, apellido, fnacimiento, dni_apoderado, celular, correo, distrito_id, direccion, pass, estado, condicion) values (46789014, 'Collette', 'Gooderridge', '2005-10-30', 16029997, 920583076, 'cgooderridge1@wunderground.com', 15, '37763 Randy Park', 123, 1, 'no promovido');


-- B
insert into estudiantes (dni_estudiante, nombre, apellido, fnacimiento, dni_apoderado, celular, correo, distrito_id, direccion, pass, estado, condicion) values (68484145, 'Jerrilyn', 'Stoakes', '2005-12-17', 12076402, 948584744, 'jstoakesf@omniture.com', 37, '0452 Esker Place', 123, 1, 'promovido');
insert into estudiantes (dni_estudiante, nombre, apellido, fnacimiento, dni_apoderado, celular, correo, distrito_id, direccion, pass, estado, condicion) values (34681121, 'Corabel', 'Markussen', '2005-05-17', 12076402, 916373240, 'cmarkusseng@ebay.com', 3, '040 Mosinee Court', 123, 1, 'no promovido');


-- C
insert into estudiantes (dni_estudiante, nombre, apellido, fnacimiento, dni_apoderado, celular, correo, distrito_id, direccion, pass, estado, condicion) values (63487445, 'Cyrille', 'O''Doherty', '2005-07-16', 12076402, 973624280, 'codohertyu@smh.com.au', 23, '36 Tennessee Place', 123, 1, 'promovido');
insert into estudiantes (dni_estudiante, nombre, apellido, fnacimiento, dni_apoderado, celular, correo, distrito_id, direccion, pass, estado, condicion) values (14956631, 'Beau', 'Brient', '2005-08-29', 96982269, 954783015, 'bbrientv@lulu.com', 33, '850 Scofield Hill', 123, 1, 'promovido');



-- 4to 15 (05/15/2004 - 02/28/2005)
-- A
insert into estudiantes (dni_estudiante, nombre, apellido, fnacimiento, dni_apoderado, celular, correo, distrito_id, direccion, pass, estado, condicion) values (60882056, 'Carroll', 'Carss', '2004-11-16', 13866466, 989929698, 'ccarss0@guardian.co.uk', 37, '25 Moulton Street', 123, 1, 'promovido');
insert into estudiantes (dni_estudiante, nombre, apellido, fnacimiento, dni_apoderado, celular, correo, distrito_id, direccion, pass, estado, condicion) values (57873483, 'Tara', 'Tawn', '2005-01-19', 96982269, 917205539, 'ttawn1@home.pl', 15, '562 Hermina Junction', 123, 1, 'promovido');


-- B
insert into estudiantes (dni_estudiante, nombre, apellido, fnacimiento, dni_apoderado, celular, correo, distrito_id, direccion, pass, estado, condicion) values (25924174, 'Gearalt', 'Gatheral', '2004-07-20', 38536222, 945556789, 'ggatheralf@ezinearticles.com', 9, '7228 Hallows Center', 123, 1, 'promovido');
insert into estudiantes (dni_estudiante, nombre, apellido, fnacimiento, dni_apoderado, celular, correo, distrito_id, direccion, pass, estado, condicion) values (37214848, 'Dora', 'Eustice', '2004-07-22', 13866466, 909542236, 'deusticeg@liveinternet.ru', 11, '6560 Oak Valley Park', 123, 1, 'promovido');


-- C
insert into estudiantes (dni_estudiante, nombre, apellido, fnacimiento, dni_apoderado, celular, correo, distrito_id, direccion, pass, estado, condicion) values (47784222, 'Elmore', 'Lovitt', '2004-08-11', 38536222, 911678486, 'elovittu@theguardian.com', 6, '24 Drewry Plaza', 123, 1, 'no promovido');
insert into estudiantes (dni_estudiante, nombre, apellido, fnacimiento, dni_apoderado, celular, correo, distrito_id, direccion, pass, estado, condicion) values (22084359, 'Charisse', 'Palser', '2004-06-04', 36023841, 975637403, 'cpalserv@dion.ne.jp', 12, '13989 Sundown Center', 123, 1, 'promovido');



-- 5to 16 (05/15/2003 - 02/28/2004)
-- A
insert into estudiantes (dni_estudiante, nombre, apellido, fnacimiento, dni_apoderado, celular, correo, distrito_id, direccion, pass, estado, condicion) values (66216258, 'Kelvin', 'Guiu', '2003-08-01', 36023841, 974536556, 'kguiu0@themeforest.net', 41, '5 Scoville Avenue', 123, 1, 'no promovido');
-- Cabos: estudiante con matricula, horario, asistencias - apoderado: 06662516
INSERT INTO estudiantes (dni_estudiante, nombre, apellido, fnacimiento, dni_apoderado, celular, correo, distrito_id, direccion, pass, estado, condicion) VALUES (61933011, 'Gabey', 'MacArd', '2003-10-14', '06662516', 945573734, 'gmacard0@usa.gov', 12, '42 Upham Way', 12345678, 1, 'promovido'); -- en uso
-- --------------------------------------------------------------------------------------------------------------------------------------------------------------------------------------------------------------------------------------------------------------------------------------------------------


-- B
insert into estudiantes (dni_estudiante, nombre, apellido, fnacimiento, dni_apoderado, celular, correo, distrito_id, direccion, pass, estado, condicion) values (93456824, 'Clint', 'Markussen', '2003-10-26', 36023841, 968530556, 'cmarkussene@statcounter.com', 5, '993 Muir Place', 123, 1, 'promovido');
insert into estudiantes (dni_estudiante, nombre, apellido, fnacimiento, dni_apoderado, celular, correo, distrito_id, direccion, pass, estado, condicion) values (23811922, 'Grantley', 'Selwyn', '2003-08-31', 24152943, 939965712, 'gselwynf@biblegateway.com', 31, '99355 Green Ridge Junction', 123, 1, 'promovido');


-- C
insert into estudiantes (dni_estudiante, nombre, apellido, fnacimiento, dni_apoderado, celular, correo, distrito_id, direccion, pass, estado, condicion) values (17421800, 'Tandy', 'Dearden', '2003-12-05', 13866466, 911343921, 'tdeardent@shutterfly.com', 13, '0796 Independence Alley', 123, 1, 'no promovido');
insert into estudiantes (dni_estudiante, nombre, apellido, fnacimiento, dni_apoderado, celular, correo, distrito_id, direccion, pass, estado, condicion) values (41529116, 'Celestyn', 'Leppington', '2003-09-22', 24152943, 996429358, 'cleppingtonu@wikimedia.org', 40, '3 Carberry Junction', 123, 1, 'no promovido');


-- trabajadores (10)
-- directora
INSERT INTO trabajadores (cargo, nombres, apellidos, dni, fecha_nacimiento, celular, distrito_id, direccion, correo, pass) VALUES ('directora', 'Constantina', 'Wrightam', 32842520, '1986-01-12', 910727483, 7, '79 Loomis Court', 'cwrightam3@craigslist.org', 123);
-- recepcion (3)
INSERT INTO trabajadores (cargo, nombres, apellidos, dni, fecha_nacimiento, celular, distrito_id, direccion, correo, pass) VALUES ('recepcionista', 'Damaris', 'Breddy', 28606359, '1963-02-06', 903888102, 17, '092 Manufacturers Crossing', 'dbreddy0@jiathis.com', 123);
/*
INSERT INTO trabajadores (cargo, nombres, apellidos, dni, fecha_nacimiento, celular, distrito_id, direccion, correo, pass) VALUES ('recepcionista', 'Noel', 'Mardlin', 21974639, '1983-12-20', 909967406, 32, '06 Birchwood Parkway', 'nmardlin1@goo.ne.jp', 123);
INSERT INTO trabajadores (cargo, nombres, apellidos, dni, fecha_nacimiento, celular, distrito_id, direccion, correo, pass) VALUES ('recepcionista', 'Analise', 'Shapero', 38343562, '1986-11-11', 912256458, 16, '19329 Summit Parkway', 'ashapero2@seesaa.net', 123);
*/
-- docente (96)
INSERT INTO trabajadores (cargo, nombres, apellidos, dni, fecha_nacimiento, celular, distrito_id, direccion, correo, pass) VALUES ('docente', 'Elizabet', 'Edds', 32580790, '1983-06-11', 909204921, 21, '23 Towne Street', 'eedds4@google.de', 123);
/*
insert into trabajadores (cargo, nombres, apellidos, dni, fecha_nacimiento, celular, distrito_id, direccion, correo, pass) values ('docente', 'Kriste', 'Rickert', 83738304, '1960-08-22', 954775012, 7, '84 Westport Alley', 'krickert0@census.gov', 123);
insert into trabajadores (cargo, nombres, apellidos, dni, fecha_nacimiento, celular, distrito_id, direccion, correo, pass) values ('docente', 'Clerkclaude', 'Plunket', 67767632, '1978-02-06', 944805007, 8, '714 Towne Terrace', 'cplunket1@examiner.com', 123);
insert into trabajadores (cargo, nombres, apellidos, dni, fecha_nacimiento, celular, distrito_id, direccion, correo, pass) values ('docente', 'Wald', 'Skeemor', 10397079, '1982-05-23', 916505929, 15, '48 Mcbride Park', 'wskeemor2@mit.edu', 123);
insert into trabajadores (cargo, nombres, apellidos, dni, fecha_nacimiento, celular, distrito_id, direccion, correo, pass) values ('docente', 'Shelby', 'Paulou', 59639946, '1968-02-14', 936222763, 37, '60492 Packers Avenue', 'spaulou3@shutterfly.com', 123);
insert into trabajadores (cargo, nombres, apellidos, dni, fecha_nacimiento, celular, distrito_id, direccion, correo, pass) values ('docente', 'Rollins', 'Killingbeck', 99159605, '1983-12-29', 996704438, 45, '8932 Dottie Park', 'rkillingbeck4@surveymonkey.com', 123);
insert into trabajadores (cargo, nombres, apellidos, dni, fecha_nacimiento, celular, distrito_id, direccion, correo, pass) values ('docente', 'Cynthie', 'Weatherby', 34663144, '1976-10-07', 951968391, 24, '18040 Forest Dale Center', 'cweatherby5@amazon.de', 123);
insert into trabajadores (cargo, nombres, apellidos, dni, fecha_nacimiento, celular, distrito_id, direccion, correo, pass) values ('docente', 'Bronson', 'Magill', 78219092, '1980-03-04', 972853544, 27, '3027 Melody Lane', 'bmagill6@accuweather.com', 123);
insert into trabajadores (cargo, nombres, apellidos, dni, fecha_nacimiento, celular, distrito_id, direccion, correo, pass) values ('docente', 'Kim', 'Margrett', 65477419, '1968-08-26', 925367532, 37, '0 Monument Plaza', 'kmargrett7@skype.com', 123);
insert into trabajadores (cargo, nombres, apellidos, dni, fecha_nacimiento, celular, distrito_id, direccion, correo, pass) values ('docente', 'Nariko', 'O Mullen', 39140351, '1969-04-29', 975890994, 25, '4869 Hermina Way', 'nomullen8@nationalgeographic.com', 123);

insert into trabajadores (cargo, nombres, apellidos, dni, fecha_nacimiento, celular, distrito_id, direccion, correo, pass) values ('docente', 'Pippa', 'Kerner', 83801969, '1961-04-14', 984131222, 3, '2675 Pawling Drive', 'pkerner9@oaic.gov.au', 123);
insert into trabajadores (cargo, nombres, apellidos, dni, fecha_nacimiento, celular, distrito_id, direccion, correo, pass) values ('docente', 'Darnall', 'Secrett', 28611759, '1985-06-25', 984320023, 14, '022 Delaware Road', 'dsecretta@miibeian.gov.cn', 123);
insert into trabajadores (cargo, nombres, apellidos, dni, fecha_nacimiento, celular, distrito_id, direccion, correo, pass) values ('docente', 'Brandie', 'Grestye', 57867947, '1969-11-06', 979371792, 44, '34 Village Green Center', 'bgrestyeb@nasa.gov', 123);
insert into trabajadores (cargo, nombres, apellidos, dni, fecha_nacimiento, celular, distrito_id, direccion, correo, pass) values ('docente', 'Blair', 'Hruska', 45641810, '1984-10-29', 975527110, 26, '783 Independence Crossing', 'bhruskac@wunderground.com', 123);
insert into trabajadores (cargo, nombres, apellidos, dni, fecha_nacimiento, celular, distrito_id, direccion, correo, pass) values ('docente', 'Dorothee', 'Dagg', 13685299, '1956-09-18', 936164725, 34, '1 Reindahl Drive', 'ddaggd@etsy.com', 123);
insert into trabajadores (cargo, nombres, apellidos, dni, fecha_nacimiento, celular, distrito_id, direccion, correo, pass) values ('docente', 'Rasia', 'Cholomin', 70077320, '1971-06-20', 900715979, 8, '14381 Farmco Street', 'rcholomine@home.pl', 123);
insert into trabajadores (cargo, nombres, apellidos, dni, fecha_nacimiento, celular, distrito_id, direccion, correo, pass) values ('docente', 'Pierrette', 'Jouaneton', 20124379, '1962-12-19', 990001670, 6, '7 Anderson Street', 'pjouanetonf@vinaora.com', 123);
insert into trabajadores (cargo, nombres, apellidos, dni, fecha_nacimiento, celular, distrito_id, direccion, correo, pass) values ('docente', 'Emylee', 'O''Looney', 83710773, '1962-08-08', 917040149, 5, '980 Schurz Crossing', 'eolooneyg@godaddy.com', 123);
insert into trabajadores (cargo, nombres, apellidos, dni, fecha_nacimiento, celular, distrito_id, direccion, correo, pass) values ('docente', 'Britt', 'Bendik', 45527682, '1970-03-31', 909300102, 28, '0773 Almo Way', 'bbendikh@networkadvertising.org', 123);
insert into trabajadores (cargo, nombres, apellidos, dni, fecha_nacimiento, celular, distrito_id, direccion, correo, pass) values ('docente', 'Aeriel', 'Aird', 72743489, '1966-09-21', 980238725, 23, '0257 Hintze Junction', 'aairdi@gov.uk', 123);

insert into trabajadores (cargo, nombres, apellidos, dni, fecha_nacimiento, celular, distrito_id, direccion, correo, pass) values ('docente', 'Rubie', 'Chilton', 59636121, '1963-04-29', 997255172, 27, '9301 Clove Parkway', 'rchiltonj@dailymail.co.uk', 123);
insert into trabajadores (cargo, nombres, apellidos, dni, fecha_nacimiento, celular, distrito_id, direccion, correo, pass) values ('docente', 'Manda', 'Blaxton', 84640432, '1966-08-27', 928944026, 4, '45081 Lunder Crossing', 'mblaxtonk@free.fr', 123);
insert into trabajadores (cargo, nombres, apellidos, dni, fecha_nacimiento, celular, distrito_id, direccion, correo, pass) values ('docente', 'Cornell', 'Ord', 88504446, '1971-06-17', 958268625, 16, '07744 Fieldstone Terrace', 'cordl@dot.gov', 123);
insert into trabajadores (cargo, nombres, apellidos, dni, fecha_nacimiento, celular, distrito_id, direccion, correo, pass) values ('docente', 'Modestine', 'Vasin', 97921613, '1975-03-22', 949518577, 17, '3 Warner Drive', 'mvasinm@slashdot.org', 123);
insert into trabajadores (cargo, nombres, apellidos, dni, fecha_nacimiento, celular, distrito_id, direccion, correo, pass) values ('docente', 'Gusella', 'Bauduin', 26407817, '1957-05-09', 933320597, 25, '75 Kings Trail', 'gbauduinn@wufoo.com', 123);
insert into trabajadores (cargo, nombres, apellidos, dni, fecha_nacimiento, celular, distrito_id, direccion, correo, pass) values ('docente', 'Blaine', 'Kwietak', 75048984, '1963-11-27', 961240220, 1, '7 Ronald Regan Street', 'bkwietako@census.gov', 123);
insert into trabajadores (cargo, nombres, apellidos, dni, fecha_nacimiento, celular, distrito_id, direccion, correo, pass) values ('docente', 'Hube', 'Kampshell', 66297586, '1984-01-07', 933596970, 29, '37980 Hanson Crossing', 'hkampshellp@unicef.org', 123);
insert into trabajadores (cargo, nombres, apellidos, dni, fecha_nacimiento, celular, distrito_id, direccion, correo, pass) values ('docente', 'Zoe', 'Presho', 96114469, '1961-12-21', 963392174, 30, '24297 Loftsgordon Terrace', 'zpreshoq@berkeley.edu', 123);
insert into trabajadores (cargo, nombres, apellidos, dni, fecha_nacimiento, celular, distrito_id, direccion, correo, pass) values ('docente', 'Meagan', 'Hobson', 78789774, '1959-06-09', 901629648, 19, '172 Claremont Terrace', 'mhobsonr@nps.gov', 123);
insert into trabajadores (cargo, nombres, apellidos, dni, fecha_nacimiento, celular, distrito_id, direccion, correo, pass) values ('docente', 'Skylar', 'Burness', 33655884, '1985-01-22', 904524055, 36, '10 Sauthoff Junction', 'sburnesss@nature.com', 123);

insert into trabajadores (cargo, nombres, apellidos, dni, fecha_nacimiento, celular, distrito_id, direccion, correo, pass) values ('docente', 'Odo', 'Offord', 21144783, '1958-04-26', 992591569, 5, '3 Lotheville Pass', 'ooffordt@storify.com', 123);
insert into trabajadores (cargo, nombres, apellidos, dni, fecha_nacimiento, celular, distrito_id, direccion, correo, pass) values ('docente', 'Brigham', 'Klimentyev', 54869825, '1972-05-23', 937094405, 42, '4485 Cottonwood Place', 'bklimentyevu@homestead.com', 123);
insert into trabajadores (cargo, nombres, apellidos, dni, fecha_nacimiento, celular, distrito_id, direccion, correo, pass) values ('docente', 'Collie', 'Sissons', 36860684, '1975-06-08', 995021829, 29, '3746 Iowa Street', 'csissonsv@studiopress.com', 123);
insert into trabajadores (cargo, nombres, apellidos, dni, fecha_nacimiento, celular, distrito_id, direccion, correo, pass) values ('docente', 'Glennis', 'Phythien', 38188668, '1980-11-11', 975792780, 35, '1323 Buell Court', 'gphythienw@wired.com', 123);
insert into trabajadores (cargo, nombres, apellidos, dni, fecha_nacimiento, celular, distrito_id, direccion, correo, pass) values ('docente', 'Tabitha', 'Steinson', 86314005, '1972-04-01', 911536200, 33, '256 Hollow Ridge Crossing', 'tsteinsonx@icq.com', 123);
insert into trabajadores (cargo, nombres, apellidos, dni, fecha_nacimiento, celular, distrito_id, direccion, correo, pass) values ('docente', 'Waverly', 'Tarbet', 68062740, '1969-10-06', 930755991, 13, '828 Upham Parkway', 'wtarbety@symantec.com', 123);
insert into trabajadores (cargo, nombres, apellidos, dni, fecha_nacimiento, celular, distrito_id, direccion, correo, pass) values ('docente', 'Casey', 'Pechard', 17161717, '1975-07-23', 900263930, 40, '10 Troy Point', 'cpechardz@myspace.com', 123);
insert into trabajadores (cargo, nombres, apellidos, dni, fecha_nacimiento, celular, distrito_id, direccion, correo, pass) values ('docente', 'Jobi', 'Neads', 65084632, '1959-05-14', 962989959, 36, '62 Forster Road', 'jneads10@soundcloud.com', 123);
insert into trabajadores (cargo, nombres, apellidos, dni, fecha_nacimiento, celular, distrito_id, direccion, correo, pass) values ('docente', 'Meryl', 'Sowerby', 24348101, '1975-10-29', 974992921, 12, '062 Eagan Circle', 'msowerby11@51.la', 123);
insert into trabajadores (cargo, nombres, apellidos, dni, fecha_nacimiento, celular, distrito_id, direccion, correo, pass) values ('docente', 'Jeana', 'Arnald', 81270494, '1985-08-25', 975120652, 44, '027 Cherokee Lane', 'jarnald12@parallels.com', 123);

insert into trabajadores (cargo, nombres, apellidos, dni, fecha_nacimiento, celular, distrito_id, direccion, correo, pass) values ('docente', 'Zarah', 'Lube', 77260363, '1970-01-22', 912317653, 30, '335 Lighthouse Bay Point', 'zlube13@alexa.com', 123);
insert into trabajadores (cargo, nombres, apellidos, dni, fecha_nacimiento, celular, distrito_id, direccion, correo, pass) values ('docente', 'Torrie', 'Gloyens', 16533459, '1984-04-11', 948643899, 45, '36 Mayer Crossing', 'tgloyens14@mozilla.org', 123);
insert into trabajadores (cargo, nombres, apellidos, dni, fecha_nacimiento, celular, distrito_id, direccion, correo, pass) values ('docente', 'Hal', 'Linnitt', 66814887, '1972-01-07', 963954119, 36, '10036 Clarendon Center', 'hlinnitt15@w3.org', 123);
insert into trabajadores (cargo, nombres, apellidos, dni, fecha_nacimiento, celular, distrito_id, direccion, correo, pass) values ('docente', 'Zaneta', 'Vigar', 64935348, '1962-09-15', 958860683, 34, '67 Stang Park', 'zvigar16@cdbaby.com', 123);
insert into trabajadores (cargo, nombres, apellidos, dni, fecha_nacimiento, celular, distrito_id, direccion, correo, pass) values ('docente', 'Zaccaria', 'Benterman', 99897413, '1965-07-07', 916549378, 14, '8443 Moose Road', 'zbenterman17@omniture.com', 123);
insert into trabajadores (cargo, nombres, apellidos, dni, fecha_nacimiento, celular, distrito_id, direccion, correo, pass) values ('docente', 'Arnold', 'Parmby', 40774852, '1972-10-22', 924002396, 2, '52956 Pine View Avenue', 'aparmby18@disqus.com', 123);
insert into trabajadores (cargo, nombres, apellidos, dni, fecha_nacimiento, celular, distrito_id, direccion, correo, pass) values ('docente', 'Clementius', 'Shovel', 64957199, '1980-09-12', 995597442, 10, '12 Lindbergh Parkway', 'cshovel19@surveymonkey.com', 123);
insert into trabajadores (cargo, nombres, apellidos, dni, fecha_nacimiento, celular, distrito_id, direccion, correo, pass) values ('docente', 'Staci', 'Chowne', 10082363, '1973-11-22', 978944522, 40, '750 Caliangt Drive', 'schowne0@wikia.com', 123);
insert into trabajadores (cargo, nombres, apellidos, dni, fecha_nacimiento, celular, distrito_id, direccion, correo, pass) values ('docente', 'Jarrett', 'Dannett', 10275373, '1959-08-27', 985196142, 19, '39971 Butterfield Street', 'jdannett1@dedecms.com', 123);
insert into trabajadores (cargo, nombres, apellidos, dni, fecha_nacimiento, celular, distrito_id, direccion, correo, pass) values ('docente', 'Dore', 'Burnand', 32651675, '1985-09-10', 966461755, 15, '66 Graedel Road', 'dburnand2@networkadvertising.org', 123);

insert into trabajadores (cargo, nombres, apellidos, dni, fecha_nacimiento, celular, distrito_id, direccion, correo, pass) values ('docente', 'Regine', 'Kidson', 99622127, '1984-02-06', 990564218, 44, '12 Shasta Trail', 'rkidson3@deviantart.com', 123);
insert into trabajadores (cargo, nombres, apellidos, dni, fecha_nacimiento, celular, distrito_id, direccion, correo, pass) values ('docente', 'Philbert', 'Dampney', 85554663, '1983-04-07', 919369848, 31, '3181 Glacier Hill Street', 'pdampney4@alexa.com', 123);
insert into trabajadores (cargo, nombres, apellidos, dni, fecha_nacimiento, celular, distrito_id, direccion, correo, pass) values ('docente', 'Adan', 'Pietraszek', 69222271, '1972-12-06', 930243153, 21, '3 Parkside Trail', 'apietraszek5@mapy.cz', 123);
insert into trabajadores (cargo, nombres, apellidos, dni, fecha_nacimiento, celular, distrito_id, direccion, correo, pass) values ('docente', 'Rahel', 'Peever', 56660594, '1976-03-22', 983437542, 37, '5455 Oriole Way', 'rpeever6@imageshack.us', 123);
insert into trabajadores (cargo, nombres, apellidos, dni, fecha_nacimiento, celular, distrito_id, direccion, correo, pass) values ('docente', 'Arlen', 'Calcutt', 42176838, '1960-04-20', 929152616, 35, '587 Lakewood Hill', 'acalcutt7@cnn.com', 123);
insert into trabajadores (cargo, nombres, apellidos, dni, fecha_nacimiento, celular, distrito_id, direccion, correo, pass) values ('docente', 'Milo', 'Healings', 24131546, '1956-12-14', 915382037, 22, '7 Algoma Junction', 'mhealings8@vinaora.com', 123);
insert into trabajadores (cargo, nombres, apellidos, dni, fecha_nacimiento, celular, distrito_id, direccion, correo, pass) values ('docente', 'Kimberlee', 'Friberg', 59395951, '1971-07-27', 921628661, 14, '9 Melody Plaza', 'kfriberg9@com.com', 123);
insert into trabajadores (cargo, nombres, apellidos, dni, fecha_nacimiento, celular, distrito_id, direccion, correo, pass) values ('docente', 'Chad', 'Willmott', 68802773, '1959-09-11', 991030543, 23, '9412 Ruskin Place', 'cwillmotta@ted.com', 123);
insert into trabajadores (cargo, nombres, apellidos, dni, fecha_nacimiento, celular, distrito_id, direccion, correo, pass) values ('docente', 'Daphna', 'Wilcot', 87322431, '1959-04-21', 956858224, 40, '375 Annamark Junction', 'dwilcotb@imgur.com', 123);
insert into trabajadores (cargo, nombres, apellidos, dni, fecha_nacimiento, celular, distrito_id, direccion, correo, pass) values ('docente', 'Robinet', 'Cargenven', 68760932, '1966-01-31', 913264753, 12, '76 Mendota Hill', 'rcargenvenc@rakuten.co.jp', 123);

insert into trabajadores (cargo, nombres, apellidos, dni, fecha_nacimiento, celular, distrito_id, direccion, correo, pass) values ('docente', 'Morey', 'Storrs', 91177787, '1970-06-23', 978078047, 38, '53 Doe Crossing Avenue', 'mstorrsd@addthis.com', 123);
insert into trabajadores (cargo, nombres, apellidos, dni, fecha_nacimiento, celular, distrito_id, direccion, correo, pass) values ('docente', 'Kayley', 'Brookzie', 68469802, '1964-07-21', 938328181, 6, '3919 Redwing Crossing', 'kbrookziee@blog.com', 123);
insert into trabajadores (cargo, nombres, apellidos, dni, fecha_nacimiento, celular, distrito_id, direccion, correo, pass) values ('docente', 'Freddie', 'Kobierzycki', 69998381, '1980-11-09', 923219740, 1, '7 Scott Lane', 'fkobierzyckif@e-recht24.de', 123);
insert into trabajadores (cargo, nombres, apellidos, dni, fecha_nacimiento, celular, distrito_id, direccion, correo, pass) values ('docente', 'Alexa', 'Sherlaw', 28186909, '1975-09-07', 927869739, 30, '747 1st Crossing', 'asherlawg@prnewswire.com', 123);
insert into trabajadores (cargo, nombres, apellidos, dni, fecha_nacimiento, celular, distrito_id, direccion, correo, pass) values ('docente', 'Frayda', 'Ferentz', 21382485, '1971-02-28', 967883588, 4, '5713 Kenwood Center', 'fferentzh@is.gd', 123);
insert into trabajadores (cargo, nombres, apellidos, dni, fecha_nacimiento, celular, distrito_id, direccion, correo, pass) values ('docente', 'Sibyl', 'Benne', 70691819, '1958-09-11', 900275637, 45, '25 Corry Crossing', 'sbennei@scribd.com', 123);
insert into trabajadores (cargo, nombres, apellidos, dni, fecha_nacimiento, celular, distrito_id, direccion, correo, pass) values ('docente', 'Windham', 'Campagne', 66296166, '1957-04-20', 950546126, 15, '8981 John Wall Avenue', 'wcampagnej@unesco.org', 123);
insert into trabajadores (cargo, nombres, apellidos, dni, fecha_nacimiento, celular, distrito_id, direccion, correo, pass) values ('docente', 'Rik', 'Gentzsch', 76478278, '1962-11-25', 938834875, 17, '94862 Spaight Court', 'rgentzschk@newsvine.com', 123);
insert into trabajadores (cargo, nombres, apellidos, dni, fecha_nacimiento, celular, distrito_id, direccion, correo, pass) values ('docente', 'Jade', 'Abramin', 17479498, '1984-07-22', 923714741, 24, '14 Stone Corner Park', 'jabraminl@discovery.com', 123);
insert into trabajadores (cargo, nombres, apellidos, dni, fecha_nacimiento, celular, distrito_id, direccion, correo, pass) values ('docente', 'Peyter', 'Wyllcock', 21622968, '1968-07-05', 986368545, 28, '20 Ridge Oak Trail', 'pwyllcockm@walmart.com', 123);

insert into trabajadores (cargo, nombres, apellidos, dni, fecha_nacimiento, celular, distrito_id, direccion, correo, pass) values ('docente', 'Farrah', 'Klimentov', 19712796, '1970-04-14', 917471352, 9, '9279 Scofield Drive', 'fklimentovn@netlog.com', 123);
insert into trabajadores (cargo, nombres, apellidos, dni, fecha_nacimiento, celular, distrito_id, direccion, correo, pass) values ('docente', 'Nealy', 'Jenken', 43406449, '1963-03-20', 921161414, 17, '281 Laurel Road', 'njenkeno@acquirethisname.com', 123);
insert into trabajadores (cargo, nombres, apellidos, dni, fecha_nacimiento, celular, distrito_id, direccion, correo, pass) values ('docente', 'Fifine', 'Sedge', 57388714, '1969-11-26', 969294100, 16, '628 Center Point', 'fsedgep@hibu.com', 123);
insert into trabajadores (cargo, nombres, apellidos, dni, fecha_nacimiento, celular, distrito_id, direccion, correo, pass) values ('docente', 'Malvin', 'Wager', 53169582, '1976-03-14', 992409425, 14, '371 Lukken Pass', 'mwagerq@paypal.com', 123);
insert into trabajadores (cargo, nombres, apellidos, dni, fecha_nacimiento, celular, distrito_id, direccion, correo, pass) values ('docente', 'Chev', 'Honniebal', 50351881, '1958-11-18', 965388585, 32, '2712 Goodland Pass', 'chonniebalr@hhs.gov', 123);
insert into trabajadores (cargo, nombres, apellidos, dni, fecha_nacimiento, celular, distrito_id, direccion, correo, pass) values ('docente', 'Brod', 'Fluit', 59661290, '1968-11-11', 973058805, 6, '149 Forest Park', 'bfluits@goo.ne.jp', 123);
insert into trabajadores (cargo, nombres, apellidos, dni, fecha_nacimiento, celular, distrito_id, direccion, correo, pass) values ('docente', 'Catharine', 'Bazley', 23587017, '1978-03-01', 994096918, 5, '3459 Tony Drive', 'cbazleyt@infoseek.co.jp', 123);
insert into trabajadores (cargo, nombres, apellidos, dni, fecha_nacimiento, celular, distrito_id, direccion, correo, pass) values ('docente', 'Queenie', 'Grewar', 82943193, '1965-09-19', 904427174, 45, '55 Comanche Pass', 'qgrewaru@ebay.com', 123);
insert into trabajadores (cargo, nombres, apellidos, dni, fecha_nacimiento, celular, distrito_id, direccion, correo, pass) values ('docente', 'Aron', 'Chezelle', 75517938, '1958-02-25', 950482698, 16, '47 Atwood Circle', 'achezellev@ed.gov', 123);
insert into trabajadores (cargo, nombres, apellidos, dni, fecha_nacimiento, celular, distrito_id, direccion, correo, pass) values ('docente', 'Janos', 'Pitt', 14987719, '1964-09-07', 934641488, 23, '0 Vera Lane', 'jpittw@woothemes.com', 123);

insert into trabajadores (cargo, nombres, apellidos, dni, fecha_nacimiento, celular, distrito_id, direccion, correo, pass) values ('docente', 'Clotilda', 'Tapply', 27380892, '1962-06-05', 967698001, 20, '0862 Gale Trail', 'ctapplyx@nifty.com', 123);
insert into trabajadores (cargo, nombres, apellidos, dni, fecha_nacimiento, celular, distrito_id, direccion, correo, pass) values ('docente', 'Ashley', 'Beneyto', 54553032, '1976-12-15', 931643666, 1, '2568 Esker Pass', 'abeneytoy@census.gov', 123);
insert into trabajadores (cargo, nombres, apellidos, dni, fecha_nacimiento, celular, distrito_id, direccion, correo, pass) values ('docente', 'Spenser', 'Roget', 71883397, '1982-01-18', 962218426, 38, '0441 7th Center', 'srogetz@jimdo.com', 123);
insert into trabajadores (cargo, nombres, apellidos, dni, fecha_nacimiento, celular, distrito_id, direccion, correo, pass) values ('docente', 'Kelbee', 'Naile', 93397412, '1960-09-27', 924787785, 8, '01800 Thierer Place', 'knaile10@samsung.com', 123);
insert into trabajadores (cargo, nombres, apellidos, dni, fecha_nacimiento, celular, distrito_id, direccion, correo, pass) values ('docente', 'Daisy', 'Welbrock', 83056290, '1979-05-22', 964214312, 2, '38307 Comanche Plaza', 'dwelbrock11@elegantthemes.com', 123);
insert into trabajadores (cargo, nombres, apellidos, dni, fecha_nacimiento, celular, distrito_id, direccion, correo, pass) values ('docente', 'Tricia', 'Danielut', 61049243, '1967-04-25', 976449117, 18, '9 Sheridan Center', 'tdanielut12@google.de', 123);
insert into trabajadores (cargo, nombres, apellidos, dni, fecha_nacimiento, celular, distrito_id, direccion, correo, pass) values ('docente', 'Emmery', 'Surgood', 73787474, '1966-11-10', 901021803, 6, '0901 Gulseth Park', 'esurgood13@tinypic.com', 123);
insert into trabajadores (cargo, nombres, apellidos, dni, fecha_nacimiento, celular, distrito_id, direccion, correo, pass) values ('docente', 'Bevin', 'Gaine', 21047261, '1956-02-04', 901604481, 13, '88097 Pankratz Street', 'bgaine14@yahoo.co.jp', 123);
insert into trabajadores (cargo, nombres, apellidos, dni, fecha_nacimiento, celular, distrito_id, direccion, correo, pass) values ('docente', 'Lottie', 'Baumadier', 72260444, '1957-07-11', 917589950, 27, '5650 Arkansas Junction', 'lbaumadier15@biblegateway.com', 123);
insert into trabajadores (cargo, nombres, apellidos, dni, fecha_nacimiento, celular, distrito_id, direccion, correo, pass) values ('docente', 'Conrade', 'Kem', 92558276, '1964-01-04', 986273417, 3, '9498 Waubesa Point', 'ckem16@fema.gov', 123);

insert into trabajadores (cargo, nombres, apellidos, dni, fecha_nacimiento, celular, distrito_id, direccion, correo, pass) values ('docente', 'Kippy', 'Broadberrie', 33625151, '1985-08-27', 901940098, 28, '05 Caliangt Drive', 'kbroadberrie17@amazon.de', 123);
insert into trabajadores (cargo, nombres, apellidos, dni, fecha_nacimiento, celular, distrito_id, direccion, correo, pass) values ('docente', 'Becca', 'Wooler', 10603154, '1975-01-02', 937156899, 17, '97 Arizona Park', 'bwooler18@dailymotion.com', 123);
insert into trabajadores (cargo, nombres, apellidos, dni, fecha_nacimiento, celular, distrito_id, direccion, correo, pass) values ('docente', 'Marshall', 'Rupel', 63553018, '1966-03-06', 917391756, 1, '8289 Loeprich Point', 'mrupel19@tuttocitta.it', 123);
insert into trabajadores (cargo, nombres, apellidos, dni, fecha_nacimiento, celular, distrito_id, direccion, correo, pass) values ('docente', 'Fey', 'Death', 12342880, '1970-02-03', 907148771, 24, '5830 American Ash Point', 'fdeath1a@t-online.de', 123);
insert into trabajadores (cargo, nombres, apellidos, dni, fecha_nacimiento, celular, distrito_id, direccion, correo, pass) values ('docente', 'Rudd', 'Chartre', 60027027, '1977-07-26', 929187779, 46, '48 Graedel Street', 'rchartre1b@mediafire.com', 123);
insert into trabajadores (cargo, nombres, apellidos, dni, fecha_nacimiento, celular, distrito_id, direccion, correo, pass) values ('docente', 'Christin', 'Radsdale', 70461434, '1959-04-04', 922102610, 28, '4407 Badeau Center', 'cradsdale0@hp.com', 123);
*/

-- nivel (3)
INSERT INTO niveles (nombre) VALUES ('inicial');
INSERT INTO niveles (nombre) VALUES ('primaria');
INSERT INTO niveles (nombre) VALUES ('secundaria');

-- grado (14)
-- inicial (3)
-- A
INSERT INTO grados (nombre, nivel_id) VALUES ('3 años', 1);
INSERT INTO grados (nombre, nivel_id) VALUES ('4 años', 1);
INSERT INTO grados (nombre, nivel_id) VALUES ('5 años', 1);
 -- primaria (6)
INSERT INTO grados (nombre, nivel_id) VALUES ('1ro', 2);
INSERT INTO grados (nombre, nivel_id) VALUES ('2do', 2);
INSERT INTO grados (nombre, nivel_id) VALUES ('3ro', 2);
INSERT INTO grados (nombre, nivel_id) VALUES ('4to', 2);
INSERT INTO grados (nombre, nivel_id) VALUES ('5to', 2);
INSERT INTO grados (nombre, nivel_id) VALUES ('6to', 2);
 -- secundaria (5)
INSERT INTO grados (nombre, nivel_id) VALUES ('1ro', 3);
INSERT INTO grados (nombre, nivel_id) VALUES ('2do', 3);
INSERT INTO grados (nombre, nivel_id) VALUES ('3ro', 3);
INSERT INTO grados (nombre, nivel_id) VALUES ('4to', 3);
INSERT INTO grados (nombre, nivel_id) VALUES ('5to', 3);
 
-- seccion (42)
-- inicial
-- A
INSERT INTO secciones (nombre, grado_id) VALUES ('A', 1);
INSERT INTO secciones (nombre, grado_id) VALUES ('A', 2);
INSERT INTO secciones (nombre, grado_id) VALUES ('A', 3);
-- B
INSERT INTO secciones (nombre, grado_id) VALUES ('B', 1);
INSERT INTO secciones (nombre, grado_id) VALUES ('B', 2);
INSERT INTO secciones (nombre, grado_id) VALUES ('B', 3);
-- C
INSERT INTO secciones (nombre, grado_id) VALUES ('C', 1);
INSERT INTO secciones (nombre, grado_id) VALUES ('C', 2);
INSERT INTO secciones (nombre, grado_id) VALUES ('C', 3);
		
-- primaria
-- A
INSERT INTO secciones (nombre, grado_id) VALUES ('A', 4);
INSERT INTO secciones (nombre, grado_id) VALUES ('A', 5);
INSERT INTO secciones (nombre, grado_id) VALUES ('A', 6);
INSERT INTO secciones (nombre, grado_id) VALUES ('A', 7);
INSERT INTO secciones (nombre, grado_id) VALUES ('A', 8);
INSERT INTO secciones (nombre, grado_id) VALUES ('A', 9);
-- B
INSERT INTO secciones (nombre, grado_id) VALUES ('B', 4);
INSERT INTO secciones (nombre, grado_id) VALUES ('B', 5);
INSERT INTO secciones (nombre, grado_id) VALUES ('B', 6);
INSERT INTO secciones (nombre, grado_id) VALUES ('B', 7);
INSERT INTO secciones (nombre, grado_id) VALUES ('B', 8);
INSERT INTO secciones (nombre, grado_id) VALUES ('B', 9);
-- C
INSERT INTO secciones (nombre, grado_id) VALUES ('C', 4);
INSERT INTO secciones (nombre, grado_id) VALUES ('C', 5);
INSERT INTO secciones (nombre, grado_id) VALUES ('C', 6);
INSERT INTO secciones (nombre, grado_id) VALUES ('C', 7);
INSERT INTO secciones (nombre, grado_id) VALUES ('C', 8);
INSERT INTO secciones (nombre, grado_id) VALUES ('C', 9);
-- secundaria
-- A
INSERT INTO secciones (nombre, grado_id) VALUES ('A', 10);
INSERT INTO secciones (nombre, grado_id) VALUES ('A', 11);
INSERT INTO secciones (nombre, grado_id) VALUES ('A', 12);
INSERT INTO secciones (nombre, grado_id) VALUES ('A', 13);
INSERT INTO secciones (nombre, grado_id) VALUES ('A', 14);
-- B
INSERT INTO secciones (nombre, grado_id) VALUES ('B', 10);
INSERT INTO secciones (nombre, grado_id) VALUES ('B', 11);
INSERT INTO secciones (nombre, grado_id) VALUES ('B', 12);
INSERT INTO secciones (nombre, grado_id) VALUES ('B', 13);
INSERT INTO secciones (nombre, grado_id) VALUES ('B', 14);
-- C
INSERT INTO secciones (nombre, grado_id) VALUES ('C', 10);
INSERT INTO secciones (nombre, grado_id) VALUES ('C', 11);
INSERT INTO secciones (nombre, grado_id) VALUES ('C', 12);
INSERT INTO secciones (nombre, grado_id) VALUES ('C', 13);
INSERT INTO secciones (nombre, grado_id) VALUES ('C', 14);

-- matricula ()
-- inicial ()
-- primaria ()
-- secundaria ()
insert into matriculas (fecha, nivel, grado, dni_estudiante, seccion_id) values ('2016-03-12 14:43:36', 3, 10, 61933011, 28); -- 2016 - 1ro A 
insert into matriculas (fecha, nivel, grado, dni_estudiante, seccion_id) values ('2017-03-12 14:43:36', 3, 11, 61933011, 29); -- 2017 - 2do A 
insert into matriculas (fecha, nivel, grado, dni_estudiante, seccion_id) values ('2018-03-27 00:21:02', 3, 12, 61933011, 30); -- 2018 - 3ro A
insert into matriculas (fecha, nivel, grado, dni_estudiante, seccion_id) values ('2019-02-12 08:46:26', 3, 13, 61933011, 31); -- 2019 - 4to A 
insert into matriculas (fecha, nivel, grado, dni_estudiante, seccion_id) values ('2020-03-27 00:21:02', 3, 14, 61933011, 32); -- 2020 - 5to A

-- cursos (26)
-- inicial (6) http://www.minedu.gob.pe/curriculo/pdf/programa-curricular-educacion-inicial.pdf
INSERT INTO cursos (nombre, creditos) VALUES ('PERSONAL SOCIAL','1');
INSERT INTO cursos (nombre, creditos) VALUES ('PSICOMOTRIZ','2');
INSERT INTO cursos (nombre, creditos) VALUES ('COMUNICACIÓN','3');
INSERT INTO cursos (nombre, creditos) VALUES ('DESCUBRIMIENTO DEL MUNDO','4');
INSERT INTO cursos (nombre, creditos) VALUES ('MATEMÁTICA','5');
INSERT INTO cursos (nombre, creditos) VALUES ('CIENCIA Y TECNOLOGÍA','6');
 
-- primaria (8) http://www.minedu.gob.pe/curriculo/pdf/programa-nivel-primaria-ebr.pdf
INSERT INTO cursos (nombre, creditos) VALUES ('PERSONAL SOCIAL', '7');
INSERT INTO cursos (nombre, creditos) VALUES ('EDUCACIÓN FÍSICA',	'8');
INSERT INTO cursos (nombre, creditos) VALUES ('COMUNICACIÓN', '9');
INSERT INTO cursos (nombre, creditos) VALUES ('ARTE Y CULTURA', '10');
INSERT INTO cursos (nombre, creditos) VALUES ('INGLÉS', '11');
INSERT INTO cursos (nombre, creditos) VALUES ('MATEMÁTICA', '12');
INSERT INTO cursos (nombre, creditos) VALUES ('CIENCIA Y TECNOLOGÍA', '13');
INSERT INTO cursos (nombre, creditos) VALUES ('RELIGIÓN', '14');
	
-- secundaria (12) http://www.minedu.gob.pe/curriculo/pdf/03062016-programa-nivel-secundaria-ebr.pdf
INSERT INTO cursos (nombre, creditos) VALUES ('MATEMÁTICA','15');
INSERT INTO cursos (nombre, creditos) VALUES ('COMUNICACIÓN','16');
INSERT INTO cursos (nombre, creditos) VALUES ('CIENCIA TECNOLOGÍA Y AMBIENTE','17');
INSERT INTO cursos (nombre, creditos) VALUES ('RELIGIÓN','18');
INSERT INTO cursos (nombre, creditos) VALUES ('RELACIONES HUMANAS','19');
INSERT INTO cursos (nombre, creditos) VALUES ('FORMACIÓN CIUDADANA','20');
INSERT INTO cursos (nombre, creditos) VALUES ('HISTORIA','21');
INSERT INTO cursos (nombre, creditos) VALUES ('EDUCACIÓN FÍSICA','22');
INSERT INTO cursos (nombre, creditos) VALUES ('COMPUTACIÓN','23');
INSERT INTO cursos (nombre, creditos) VALUES ('ARTE','24');
INSERT INTO cursos (nombre, creditos) VALUES ('INGLÉS','25');
INSERT INTO cursos (nombre, creditos) VALUES ('EDUCACIÓN PARA EL TRABAJO','26');
/*
-- cursos más específicos que creo no se tomarán en cuenta
    INSERT into cursos (nombre, creditos) VALUES ('GEOGRAFÍA','');
    INSERT into cursos (nombre, creditos) VALUES ('LENGUAJE','');
    INSERT into cursos (nombre, creditos) VALUES ('LITERATURA','5');	
    INSERT into cursos (nombre, creditos) VALUES ('ÁLGEBRA','');
    INSERT into cursos (nombre, creditos) VALUES ('ARITMÉTICA','');
    INSERT into cursos (nombre, creditos) VALUES ('TRIGONOMETRÍA','');
    INSERT into cursos (nombre, creditos) VALUES ('GEOMETRÍA','5');
    INSERT into cursos (nombre, creditos) VALUES ('FÍSICA','5');
    INSERT into cursos (nombre, creditos) VALUES ('QUÍMICA','');
    */

-- malla (14)
-- inicial
-- 3
INSERT INTO mallas (curso_id, grado_id) VALUES (1, 1);
INSERT INTO mallas (curso_id, grado_id) VALUES (2, 1);
INSERT INTO mallas (curso_id, grado_id) VALUES (3, 1);
INSERT INTO mallas (curso_id, grado_id) VALUES (4, 1);
INSERT INTO mallas (curso_id, grado_id) VALUES (5, 1);
INSERT INTO mallas (curso_id, grado_id) VALUES (6, 1);
-- 4
INSERT INTO mallas (curso_id, grado_id) VALUES (1, 2);
INSERT INTO mallas (curso_id, grado_id) VALUES (2, 2);
INSERT INTO mallas (curso_id, grado_id) VALUES (3, 2);
INSERT INTO mallas (curso_id, grado_id) VALUES (4, 2);
INSERT INTO mallas (curso_id, grado_id) VALUES (5, 2);
INSERT INTO mallas (curso_id, grado_id) VALUES (6, 2);
-- 5
INSERT INTO mallas (curso_id, grado_id) VALUES (1, 3);
INSERT INTO mallas (curso_id, grado_id) VALUES (2, 3);
INSERT INTO mallas (curso_id, grado_id) VALUES (3, 3);
INSERT INTO mallas (curso_id, grado_id) VALUES (4, 3);
INSERT INTO mallas (curso_id, grado_id) VALUES (5, 3);
INSERT INTO mallas (curso_id, grado_id) VALUES (6, 3);
-- primaria
-- 1
INSERT INTO mallas (curso_id, grado_id) VALUES (7, 4);
INSERT INTO mallas (curso_id, grado_id) VALUES (8, 4);
INSERT INTO mallas (curso_id, grado_id) VALUES (9, 4);
INSERT INTO mallas (curso_id, grado_id) VALUES (10, 4);
INSERT INTO mallas (curso_id, grado_id) VALUES (11, 4);
INSERT INTO mallas (curso_id, grado_id) VALUES (12, 4);
INSERT INTO mallas (curso_id, grado_id) VALUES (13, 4);
INSERT INTO mallas (curso_id, grado_id) VALUES (14, 4);
-- 2
INSERT INTO mallas (curso_id, grado_id) VALUES (7, 5);
INSERT INTO mallas (curso_id, grado_id) VALUES (8, 5);
INSERT INTO mallas (curso_id, grado_id) VALUES (9, 5);
INSERT INTO mallas (curso_id, grado_id) VALUES (10, 5);
INSERT INTO mallas (curso_id, grado_id) VALUES (11, 5);
INSERT INTO mallas (curso_id, grado_id) VALUES (12, 5);
INSERT INTO mallas (curso_id, grado_id) VALUES (13, 5);
INSERT INTO mallas (curso_id, grado_id) VALUES (14, 5);
-- 3
INSERT INTO mallas (curso_id, grado_id) VALUES (7, 6);
INSERT INTO mallas (curso_id, grado_id) VALUES (8, 6);
INSERT INTO mallas (curso_id, grado_id) VALUES (9, 6);
INSERT INTO mallas (curso_id, grado_id) VALUES (10, 6);
INSERT INTO mallas (curso_id, grado_id) VALUES (11, 6);
INSERT INTO mallas (curso_id, grado_id) VALUES (12, 6);
INSERT INTO mallas (curso_id, grado_id) VALUES (13, 6);
INSERT INTO mallas (curso_id, grado_id) VALUES (14, 6);
-- 4
INSERT INTO mallas (curso_id, grado_id) VALUES (7, 7);
INSERT INTO mallas (curso_id, grado_id) VALUES (8, 7);
INSERT INTO mallas (curso_id, grado_id) VALUES (9, 7);
INSERT INTO mallas (curso_id, grado_id) VALUES (10, 7);
INSERT INTO mallas (curso_id, grado_id) VALUES (11, 7);
INSERT INTO mallas (curso_id, grado_id) VALUES (12, 7);
INSERT INTO mallas (curso_id, grado_id) VALUES (13, 7);
INSERT INTO mallas (curso_id, grado_id) VALUES (14, 7);
-- 5
INSERT INTO mallas (curso_id, grado_id) VALUES (7, 8);
INSERT INTO mallas (curso_id, grado_id) VALUES (8, 8);
INSERT INTO mallas (curso_id, grado_id) VALUES (9, 8);
INSERT INTO mallas (curso_id, grado_id) VALUES (10, 8);
INSERT INTO mallas (curso_id, grado_id) VALUES (11, 8);
INSERT INTO mallas (curso_id, grado_id) VALUES (12, 8);
INSERT INTO mallas (curso_id, grado_id) VALUES (13, 8);
INSERT INTO mallas (curso_id, grado_id) VALUES (14, 8);
-- 6
INSERT INTO mallas (curso_id, grado_id) VALUES (7, 9);
INSERT INTO mallas (curso_id, grado_id) VALUES (8, 9);
INSERT INTO mallas (curso_id, grado_id) VALUES (9, 9);
INSERT INTO mallas (curso_id, grado_id) VALUES (10, 9);
INSERT INTO mallas (curso_id, grado_id) VALUES (11, 9);
INSERT INTO mallas (curso_id, grado_id) VALUES (12, 9);
INSERT INTO mallas (curso_id, grado_id) VALUES (13, 9);
INSERT INTO mallas (curso_id, grado_id) VALUES (14, 9);
-- secundaria
-- 1
INSERT INTO mallas (curso_id, grado_id) VALUES (15, 10);
INSERT INTO mallas (curso_id, grado_id) VALUES (16, 10);
INSERT INTO mallas (curso_id, grado_id) VALUES (17, 10);
INSERT INTO mallas (curso_id, grado_id) VALUES (18, 10);
INSERT INTO mallas (curso_id, grado_id) VALUES (19, 10);
INSERT INTO mallas (curso_id, grado_id) VALUES (20, 10);
INSERT INTO mallas (curso_id, grado_id) VALUES (21, 10);
INSERT INTO mallas (curso_id, grado_id) VALUES (22, 10);
INSERT INTO mallas (curso_id, grado_id) VALUES (23, 10);
INSERT INTO mallas (curso_id, grado_id) VALUES (24, 10);
INSERT INTO mallas (curso_id, grado_id) VALUES (25, 10);
INSERT INTO mallas (curso_id, grado_id) VALUES (26, 10);
-- 2
INSERT INTO mallas (curso_id, grado_id) VALUES (15, 11);
INSERT INTO mallas (curso_id, grado_id) VALUES (16, 11);
INSERT INTO mallas (curso_id, grado_id) VALUES (17, 11);
INSERT INTO mallas (curso_id, grado_id) VALUES (18, 11);
INSERT INTO mallas (curso_id, grado_id) VALUES (19, 11);
INSERT INTO mallas (curso_id, grado_id) VALUES (20, 11);
INSERT INTO mallas (curso_id, grado_id) VALUES (21, 11);
INSERT INTO mallas (curso_id, grado_id) VALUES (22, 11);
INSERT INTO mallas (curso_id, grado_id) VALUES (23, 11);
INSERT INTO mallas (curso_id, grado_id) VALUES (24, 11);
INSERT INTO mallas (curso_id, grado_id) VALUES (25, 11);
INSERT INTO mallas (curso_id, grado_id) VALUES (26, 11);
-- 3
INSERT INTO mallas (curso_id, grado_id) VALUES (15, 12);
INSERT INTO mallas (curso_id, grado_id) VALUES (16, 12);
INSERT INTO mallas (curso_id, grado_id) VALUES (17, 12);
INSERT INTO mallas (curso_id, grado_id) VALUES (18, 12);
INSERT INTO mallas (curso_id, grado_id) VALUES (19, 12);
INSERT INTO mallas (curso_id, grado_id) VALUES (20, 12);
INSERT INTO mallas (curso_id, grado_id) VALUES (21, 12);
INSERT INTO mallas (curso_id, grado_id) VALUES (22, 12);
INSERT INTO mallas (curso_id, grado_id) VALUES (23, 12);
INSERT INTO mallas (curso_id, grado_id) VALUES (24, 12);
INSERT INTO mallas (curso_id, grado_id) VALUES (25, 12);
INSERT INTO mallas (curso_id, grado_id) VALUES (26, 12);
-- 4
INSERT INTO mallas (curso_id, grado_id) VALUES (15, 13);
INSERT INTO mallas (curso_id, grado_id) VALUES (16, 13);
INSERT INTO mallas (curso_id, grado_id) VALUES (17, 13);
INSERT INTO mallas (curso_id, grado_id) VALUES (18, 13);
INSERT INTO mallas (curso_id, grado_id) VALUES (19, 13);
INSERT INTO mallas (curso_id, grado_id) VALUES (20, 13);
INSERT INTO mallas (curso_id, grado_id) VALUES (21, 13);
INSERT INTO mallas (curso_id, grado_id) VALUES (22, 13);
INSERT INTO mallas (curso_id, grado_id) VALUES (23, 13);
INSERT INTO mallas (curso_id, grado_id) VALUES (24, 13);
INSERT INTO mallas (curso_id, grado_id) VALUES (25, 13);
INSERT INTO mallas (curso_id, grado_id) VALUES (26, 13);
-- 5
INSERT INTO mallas (curso_id, grado_id) VALUES (15, 14);
INSERT INTO mallas (curso_id, grado_id) VALUES (16, 14);
INSERT INTO mallas (curso_id, grado_id) VALUES (17, 14);
INSERT INTO mallas (curso_id, grado_id) VALUES (18, 14);
INSERT INTO mallas (curso_id, grado_id) VALUES (19, 14);
INSERT INTO mallas (curso_id, grado_id) VALUES (20, 14);
INSERT INTO mallas (curso_id, grado_id) VALUES (21, 14);
INSERT INTO mallas (curso_id, grado_id) VALUES (22, 14);
INSERT INTO mallas (curso_id, grado_id) VALUES (23, 14);
INSERT INTO mallas (curso_id, grado_id) VALUES (24, 14);
INSERT INTO mallas (curso_id, grado_id) VALUES (25, 14);
INSERT INTO mallas (curso_id, grado_id) VALUES (26, 14);
		
-- nota ()
-- 61933011 - 1ro A (cursos 15-26)
insert into notas (curso_id, nota1, nota2, nota3, fecha, dni_estudiante) values (15, 15, 14, 14, '2016-11-13', 61933011);
insert into notas (curso_id, nota1, nota2, nota3, fecha, dni_estudiante) values (16, 11, 15, 12, '2016-11-14', 61933011);
insert into notas (curso_id, nota1, nota2, nota3, fecha, dni_estudiante) values (17, 19, 14, 14, '2016-11-28', 61933011);
insert into notas (curso_id, nota1, nota2, nota3, fecha, dni_estudiante) values (18, 11, 10, 19, '2016-11-23', 61933011);
insert into notas (curso_id, nota1, nota2, nota3, fecha, dni_estudiante) values (19, 19, 17, 20, '2016-08-28', 61933011);
insert into notas (curso_id, nota1, nota2, nota3, fecha, dni_estudiante) values (20, 12, 16, 14, '2016-09-08', 61933011);
insert into notas (curso_id, nota1, nota2, nota3, fecha, dni_estudiante) values (21, 14, 20, 19, '2016-10-10', 61933011);
insert into notas (curso_id, nota1, nota2, nota3, fecha, dni_estudiante) values (22, 12, 11, 14, '2016-08-26', 61933011);
insert into notas (curso_id, nota1, nota2, nota3, fecha, dni_estudiante) values (23, 10, 16, 16, '2016-08-20', 61933011);
insert into notas (curso_id, nota1, nota2, nota3, fecha, dni_estudiante) values (24, 16, 14, 19, '2016-09-18', 61933011);
insert into notas (curso_id, nota1, nota2, nota3, fecha, dni_estudiante) values (25, 15, 10, 18, '2016-09-08', 61933011);
insert into notas (curso_id, nota1, nota2, nota3, fecha, dni_estudiante) values (26, 16, 10, 12, '2016-11-12', 61933011);
-- 61933011 - 2do A (cursos 15-26)
insert into notas (curso_id, nota1, nota2, nota3, fecha, dni_estudiante) values (15, 20, 18, 15, '2017-09-28', 61933011);
insert into notas (curso_id, nota1, nota2, nota3, fecha, dni_estudiante) values (16, 17, 19, 13, '2017-09-08', 61933011);
insert into notas (curso_id, nota1, nota2, nota3, fecha, dni_estudiante) values (17, 17, 13, 18, '2017-09-01', 61933011);
insert into notas (curso_id, nota1, nota2, nota3, fecha, dni_estudiante) values (18, 20, 13, 11, '2017-10-24', 61933011);
insert into notas (curso_id, nota1, nota2, nota3, fecha, dni_estudiante) values (19, 13, 10, 17, '2017-09-27', 61933011);
insert into notas (curso_id, nota1, nota2, nota3, fecha, dni_estudiante) values (20, 10, 20, 11, '2017-09-03', 61933011);
insert into notas (curso_id, nota1, nota2, nota3, fecha, dni_estudiante) values (21, 13, 17, 10, '2017-11-03', 61933011);
insert into notas (curso_id, nota1, nota2, nota3, fecha, dni_estudiante) values (22, 18, 19, 14, '2017-10-06', 61933011);
insert into notas (curso_id, nota1, nota2, nota3, fecha, dni_estudiante) values (23, 16, 11, 10, '2017-09-04', 61933011);
insert into notas (curso_id, nota1, nota2, nota3, fecha, dni_estudiante) values (24, 14, 14, 18, '2017-09-20', 61933011);
insert into notas (curso_id, nota1, nota2, nota3, fecha, dni_estudiante) values (25, 11, 15, 14, '2017-11-01', 61933011);
insert into notas (curso_id, nota1, nota2, nota3, fecha, dni_estudiante) values (26, 20, 10, 10, '2017-11-09', 61933011);
-- 61933011 - 3ro A (cursos 15-26)
insert into notas (curso_id, nota1, nota2, nota3, fecha, dni_estudiante) values (15, 19, 13, 20, '2018-11-21', 61933011);
insert into notas (curso_id, nota1, nota2, nota3, fecha, dni_estudiante) values (16, 13, 13, 10, '2018-11-30', 61933011);
insert into notas (curso_id, nota1, nota2, nota3, fecha, dni_estudiante) values (17, 13, 11, 11, '2018-10-01', 61933011);
insert into notas (curso_id, nota1, nota2, nota3, fecha, dni_estudiante) values (18, 18, 11, 12, '2018-08-30', 61933011);
insert into notas (curso_id, nota1, nota2, nota3, fecha, dni_estudiante) values (19, 14, 13, 12, '2018-10-30', 61933011);
insert into notas (curso_id, nota1, nota2, nota3, fecha, dni_estudiante) values (20, 15, 17, 14, '2018-08-22', 61933011);
insert into notas (curso_id, nota1, nota2, nota3, fecha, dni_estudiante) values (21, 13, 20, 19, '2018-10-05', 61933011);
insert into notas (curso_id, nota1, nota2, nota3, fecha, dni_estudiante) values (22, 20, 15, 13, '2018-12-06', 61933011);
insert into notas (curso_id, nota1, nota2, nota3, fecha, dni_estudiante) values (23, 13, 12, 12, '2018-09-01', 61933011);
insert into notas (curso_id, nota1, nota2, nota3, fecha, dni_estudiante) values (24, 16, 10, 11, '2018-10-21', 61933011);
insert into notas (curso_id, nota1, nota2, nota3, fecha, dni_estudiante) values (25, 10, 16, 19, '2018-08-20', 61933011);
insert into notas (curso_id, nota1, nota2, nota3, fecha, dni_estudiante) values (26, 12, 18, 11, '2018-09-26', 61933011);
-- 61933011 - 4to A (cursos 15-26)
insert into notas (curso_id, nota1, nota2, nota3, fecha, dni_estudiante) values (15, 13, 19, 18, '2019-09-17', 61933011);
insert into notas (curso_id, nota1, nota2, nota3, fecha, dni_estudiante) values (16, 13, 16, 17, '2019-12-03', 61933011);
insert into notas (curso_id, nota1, nota2, nota3, fecha, dni_estudiante) values (17, 14, 19, 17, '2019-10-16', 61933011);
insert into notas (curso_id, nota1, nota2, nota3, fecha, dni_estudiante) values (18, 10, 20, 17, '2019-11-14', 61933011);
insert into notas (curso_id, nota1, nota2, nota3, fecha, dni_estudiante) values (19, 16, 11, 13, '2019-10-21', 61933011);
insert into notas (curso_id, nota1, nota2, nota3, fecha, dni_estudiante) values (20, 12, 12, 19, '2019-10-03', 61933011);
insert into notas (curso_id, nota1, nota2, nota3, fecha, dni_estudiante) values (21, 12, 16, 18, '2019-10-21', 61933011);
insert into notas (curso_id, nota1, nota2, nota3, fecha, dni_estudiante) values (22, 10, 18, 20, '2019-11-25', 61933011);
insert into notas (curso_id, nota1, nota2, nota3, fecha, dni_estudiante) values (23, 10, 15, 12, '2019-10-26', 61933011);
insert into notas (curso_id, nota1, nota2, nota3, fecha, dni_estudiante) values (24, 17, 16, 10, '2019-10-26', 61933011);
insert into notas (curso_id, nota1, nota2, nota3, fecha, dni_estudiante) values (25, 12, 18, 19, '2019-09-18', 61933011);
insert into notas (curso_id, nota1, nota2, nota3, fecha, dni_estudiante) values (26, 17, 20, 10, '2019-12-06', 61933011);
-- 61933011 - 5to A (cursos 15-26)
insert into notas (curso_id, nota1, nota2, nota3, fecha, dni_estudiante) values (15, 18, 20, 14, '2020-02-27', 61933011);
insert into notas (curso_id, nota1, nota2, nota3, fecha, dni_estudiante) values (16, 20, 17, 14, '2020-03-03', 61933011);
insert into notas (curso_id, nota1, nota2, nota3, fecha, dni_estudiante) values (17, 13, 15, 16, '2020-01-30', 61933011);
insert into notas (curso_id, nota1, nota2, nota3, fecha, dni_estudiante) values (18, 19, 20, 17, '2020-01-24', 61933011);
insert into notas (curso_id, nota1, nota2, nota3, fecha, dni_estudiante) values (19, 17, 16, 13, '2020-01-05', 61933011);
insert into notas (curso_id, nota1, nota2, nota3, fecha, dni_estudiante) values (20, 18, 17, 16, '2020-01-12', 61933011);
insert into notas (curso_id, nota1, nota2, nota3, fecha, dni_estudiante) values (21, 16, 16, 17, '2020-01-06', 61933011);
insert into notas (curso_id, nota1, nota2, nota3, fecha, dni_estudiante) values (22, 18, 19, 16, '2020-01-18', 61933011);
insert into notas (curso_id, nota1, nota2, nota3, fecha, dni_estudiante) values (23, 17, 20, 13, '2020-02-06', 61933011);
insert into notas (curso_id, nota1, nota2, nota3, fecha, dni_estudiante) values (24, 14, 16, 16, '2020-12-25', 61933011);
insert into notas (curso_id, nota1, nota2, nota3, fecha, dni_estudiante) values (25, 13, 16, 14, '2020-01-06', 61933011);
insert into notas (curso_id, nota1, nota2, nota3, fecha, dni_estudiante) values (26, 17, 19, 14, '2020-12-11', 61933011);

-- horario_cabecera ()						ya no habrá , trabajador_id
INSERT INTO horario_cabecera (estado, seccion_id, trabajador_id) VALUES (1, 32, 2);

-- horario_detalle (12)			[solo estoy insertando al docente con id: 3, deberían ser más] 
INSERT INTO horario_detalle (dia, hora_inicio, hora_fin, curso_id, horario_cabecera_id, trabajador_id) VALUES ('LUNES','7:00:00','9:15:00',16,1,3);
INSERT INTO horario_detalle (dia, hora_inicio, hora_fin, curso_id, horario_cabecera_id, trabajador_id) VALUES ('LUNES','10:00:00','11:30:00',18,1,3);
INSERT INTO horario_detalle (dia, hora_inicio, hora_fin, curso_id, horario_cabecera_id, trabajador_id) VALUES ('MARTES','7:00:00','9:15:00',17,1,3);
INSERT INTO horario_detalle (dia, hora_inicio, hora_fin, curso_id, horario_cabecera_id, trabajador_id) VALUES ('MARTES','10:00:00','12:15:00',26,1,3);
INSERT INTO horario_detalle (dia, hora_inicio, hora_fin, curso_id, horario_cabecera_id, trabajador_id) VALUES ('MIÉRCOLES','7:00:00','8:30:00',22,1,3);
INSERT INTO horario_detalle (dia, hora_inicio, hora_fin, curso_id, horario_cabecera_id, trabajador_id) VALUES ('MIÉRCOLES','8:30:00','9:15:00',24,1,3);
INSERT INTO horario_detalle (dia, hora_inicio, hora_fin, curso_id, horario_cabecera_id, trabajador_id) VALUES ('MIÉRCOLES','10:00:00','11:30:00',20,1,3);
INSERT INTO horario_detalle (dia, hora_inicio, hora_fin, curso_id, horario_cabecera_id, trabajador_id) VALUES ('JUEVES','7:00:00','8:30:00',19,1,3);
INSERT INTO horario_detalle (dia, hora_inicio, hora_fin, curso_id, horario_cabecera_id, trabajador_id) VALUES ('JUEVES','8:30:00','9:15:00',23,1,3);
INSERT INTO horario_detalle (dia, hora_inicio, hora_fin, curso_id, horario_cabecera_id, trabajador_id) VALUES ('JUEVES','10:00:00','11:30:00',25,1,3);
INSERT INTO horario_detalle (dia, hora_inicio, hora_fin, curso_id, horario_cabecera_id, trabajador_id) VALUES ('VIERNES','7:00:00','9:15:00',15,1,3);
INSERT INTO horario_detalle (dia, hora_inicio, hora_fin, curso_id, horario_cabecera_id, trabajador_id) VALUES ('VIERNES','10:00:00','11:30:00',21,1,3);

-- asistencia ()
insert into asistencias (asistencia, estado, dni_estudiante, horario_detalle_id) values ('2020-11-02 14:27:39', true, 61933011, 1);
insert into asistencias (asistencia, estado, dni_estudiante, horario_detalle_id) values ('2020-11-02 23:30:55', true, 61933011, 2);
insert into asistencias (asistencia, estado, dni_estudiante, horario_detalle_id) values ('2020-11-03 05:50:37', true, 61933011, 3);
insert into asistencias (asistencia, estado, dni_estudiante, horario_detalle_id) values ('2020-11-03 11:01:14', true, 61933011, 4);
insert into asistencias (asistencia, estado, dni_estudiante, horario_detalle_id) values ('2020-11-04 06:44:05', true, 61933011, 5);
insert into asistencias (asistencia, estado, dni_estudiante, horario_detalle_id) values ('2020-11-04 13:04:11', true, 61933011, 6);
insert into asistencias (asistencia, estado, dni_estudiante, horario_detalle_id) values ('2020-11-04 05:30:57', true, 61933011, 7);
insert into asistencias (asistencia, estado, dni_estudiante, horario_detalle_id) values ('2020-11-05 06:56:00', true, 61933011, 8);
insert into asistencias (asistencia, estado, dni_estudiante, horario_detalle_id) values ('2020-11-05 00:47:49', true, 61933011, 9);
insert into asistencias (asistencia, estado, dni_estudiante, horario_detalle_id) values ('2020-11-05 21:38:01', true, 61933011, 10);
insert into asistencias (asistencia, estado, dni_estudiante, horario_detalle_id) values ('2020-11-06 02:32:15', true, 61933011, 11);
insert into asistencias (asistencia, estado, dni_estudiante, horario_detalle_id) values ('2020-11-06 02:32:15', true, 61933011, 12);
--
insert into asistencias (asistencia, estado, dni_estudiante, horario_detalle_id) values ('2020-11-09 14:27:39', true, 61933011, 1);
insert into asistencias (asistencia, estado, dni_estudiante, horario_detalle_id) values ('2020-11-09 23:30:55', true, 61933011, 2);
insert into asistencias (asistencia, estado, dni_estudiante, horario_detalle_id) values ('2020-11-10 05:50:37', true, 61933011, 3);
insert into asistencias (asistencia, estado, dni_estudiante, horario_detalle_id) values ('2020-11-10 11:01:14', true, 61933011, 4);
insert into asistencias (asistencia, estado, dni_estudiante, horario_detalle_id) values ('2020-11-11 06:44:05', true, 61933011, 5);
insert into asistencias (asistencia, estado, dni_estudiante, horario_detalle_id) values ('2020-11-11 13:04:11', true, 61933011, 6);
insert into asistencias (asistencia, estado, dni_estudiante, horario_detalle_id) values ('2020-11-11 05:30:57', true, 61933011, 7);
insert into asistencias (asistencia, estado, dni_estudiante, horario_detalle_id) values ('2020-11-12 06:56:00', true, 61933011, 8);
insert into asistencias (asistencia, estado, dni_estudiante, horario_detalle_id) values ('2020-11-12 00:47:49', true, 61933011, 9);
insert into asistencias (asistencia, estado, dni_estudiante, horario_detalle_id) values ('2020-11-12 21:38:01', true, 61933011, 10);
insert into asistencias (asistencia, estado, dni_estudiante, horario_detalle_id) values ('2020-11-13 02:32:15', true, 61933011, 11);
insert into asistencias (asistencia, estado, dni_estudiante, horario_detalle_id) values ('2020-11-13 02:32:15', true, 61933011, 12);
--
insert into asistencias (asistencia, estado, dni_estudiante, horario_detalle_id) values ('2020-11-16 14:27:39', false, 61933011, 1);
insert into asistencias (asistencia, estado, dni_estudiante, horario_detalle_id) values ('2020-11-16 23:30:55', false, 61933011, 2);
insert into asistencias (asistencia, estado, dni_estudiante, horario_detalle_id) values ('2020-11-17 05:50:37', true, 61933011, 3);
insert into asistencias (asistencia, estado, dni_estudiante, horario_detalle_id) values ('2020-11-17 11:01:14', true, 61933011, 4);
insert into asistencias (asistencia, estado, dni_estudiante, horario_detalle_id) values ('2020-11-18 06:44:05', true, 61933011, 5);
insert into asistencias (asistencia, estado, dni_estudiante, horario_detalle_id) values ('2020-11-18 13:04:11', true, 61933011, 6);
insert into asistencias (asistencia, estado, dni_estudiante, horario_detalle_id) values ('2020-11-18 05:30:57', true, 61933011, 7);
insert into asistencias (asistencia, estado, dni_estudiante, horario_detalle_id) values ('2020-11-19 06:56:00', true, 61933011, 8);
insert into asistencias (asistencia, estado, dni_estudiante, horario_detalle_id) values ('2020-11-19 00:47:49', true, 61933011, 9);
insert into asistencias (asistencia, estado, dni_estudiante, horario_detalle_id) values ('2020-11-19 21:38:01', true, 61933011, 10);
insert into asistencias (asistencia, estado, dni_estudiante, horario_detalle_id) values ('2020-11-20 02:32:15', true, 61933011, 11);
insert into asistencias (asistencia, estado, dni_estudiante, horario_detalle_id) values ('2020-11-20 02:32:15', true, 61933011, 12);
--
insert into asistencias (asistencia, estado, dni_estudiante, horario_detalle_id) values ('2020-11-24 14:27:39', true, 61933011, 1);
insert into asistencias (asistencia, estado, dni_estudiante, horario_detalle_id) values ('2020-11-24 23:30:55', true, 61933011, 2);
insert into asistencias (asistencia, estado, dni_estudiante, horario_detalle_id) values ('2020-11-25 05:50:37', false, 61933011, 3);
insert into asistencias (asistencia, estado, dni_estudiante, horario_detalle_id) values ('2020-11-25 11:01:14', false, 61933011, 4);
insert into asistencias (asistencia, estado, dni_estudiante, horario_detalle_id) values ('2020-11-26 06:44:05', false, 61933011, 5);
insert into asistencias (asistencia, estado, dni_estudiante, horario_detalle_id) values ('2020-11-26 13:04:11', false, 61933011, 6);
insert into asistencias (asistencia, estado, dni_estudiante, horario_detalle_id) values ('2020-11-26 05:30:57', false, 61933011, 7);
insert into asistencias (asistencia, estado, dni_estudiante, horario_detalle_id) values ('2020-11-27 06:56:00', true, 61933011, 8);
insert into asistencias (asistencia, estado, dni_estudiante, horario_detalle_id) values ('2020-11-27 00:47:49', true, 61933011, 9);
insert into asistencias (asistencia, estado, dni_estudiante, horario_detalle_id) values ('2020-11-27 21:38:01', true, 61933011, 10);
insert into asistencias (asistencia, estado, dni_estudiante, horario_detalle_id) values ('2020-11-28 02:32:15', true, 61933011, 11);
insert into asistencias (asistencia, estado, dni_estudiante, horario_detalle_id) values ('2020-11-28 02:32:15', true, 61933011, 12);
--
insert into asistencias (asistencia, estado, dni_estudiante, horario_detalle_id) values ('2020-11-30 20:55:01', false, 61933011, 1);
insert into asistencias (asistencia, estado, dni_estudiante, horario_detalle_id) values ('2020-11-30 04:03:28', false, 61933011, 2);
insert into asistencias (asistencia, estado, dni_estudiante, horario_detalle_id) values ('2020-12-01 15:48:07', true, 61933011, 3);
insert into asistencias (asistencia, estado, dni_estudiante, horario_detalle_id) values ('2020-12-01 14:37:23', true, 61933011, 4);
insert into asistencias (asistencia, estado, dni_estudiante, horario_detalle_id) values ('2020-12-02 01:39:04', true, 61933011, 5);
insert into asistencias (asistencia, estado, dni_estudiante, horario_detalle_id) values ('2020-12-02 00:36:29', true, 61933011, 6);
insert into asistencias (asistencia, estado, dni_estudiante, horario_detalle_id) values ('2020-12-02 05:46:40', true, 61933011, 7);
insert into asistencias (asistencia, estado, dni_estudiante, horario_detalle_id) values ('2020-12-03 03:02:21', true, 61933011, 8);
insert into asistencias (asistencia, estado, dni_estudiante, horario_detalle_id) values ('2020-12-03 22:14:54', true, 61933011, 9);
insert into asistencias (asistencia, estado, dni_estudiante, horario_detalle_id) values ('2020-12-03 05:52:13', false, 61933011, 10);
insert into asistencias (asistencia, estado, dni_estudiante, horario_detalle_id) values ('2020-12-04 05:28:18', false, 61933011, 11);
insert into asistencias (asistencia, estado, dni_estudiante, horario_detalle_id) values ('2020-12-04 05:28:18', false, 61933011, 12);
--
insert into asistencias (asistencia, estado, dni_estudiante, horario_detalle_id) values ('2020-12-07 20:55:01', false, 61933011, 1);
insert into asistencias (asistencia, estado, dni_estudiante, horario_detalle_id) values ('2020-12-07 04:03:28', false, 61933011, 2);
insert into asistencias (asistencia, estado, dni_estudiante, horario_detalle_id) values ('2020-12-08 15:48:07', true, 61933011, 3);
insert into asistencias (asistencia, estado, dni_estudiante, horario_detalle_id) values ('2020-12-08 14:37:23', true, 61933011, 4);
insert into asistencias (asistencia, estado, dni_estudiante, horario_detalle_id) values ('2020-12-08 01:39:04', true, 61933011, 5);
insert into asistencias (asistencia, estado, dni_estudiante, horario_detalle_id) values ('2020-12-09 00:36:29', true, 61933011, 6);
insert into asistencias (asistencia, estado, dni_estudiante, horario_detalle_id) values ('2020-12-09 05:46:40', true, 61933011, 7);
insert into asistencias (asistencia, estado, dni_estudiante, horario_detalle_id) values ('2020-12-10 03:02:21', true, 61933011, 8);
insert into asistencias (asistencia, estado, dni_estudiante, horario_detalle_id) values ('2020-12-10 22:14:54', true, 61933011, 9);
insert into asistencias (asistencia, estado, dni_estudiante, horario_detalle_id) values ('2020-12-10 05:52:13', false, 61933011, 10);
insert into asistencias (asistencia, estado, dni_estudiante, horario_detalle_id) values ('2020-12-11 05:28:18', false, 61933011, 11);
insert into asistencias (asistencia, estado, dni_estudiante, horario_detalle_id) values ('2020-12-11 05:28:18', false, 61933011, 12);
--
insert into asistencias (asistencia, estado, dni_estudiante, horario_detalle_id) values ('2020-12-14 20:55:01', false, 61933011, 1);
insert into asistencias (asistencia, estado, dni_estudiante, horario_detalle_id) values ('2020-12-14 04:03:28', false, 61933011, 2);
insert into asistencias (asistencia, estado, dni_estudiante, horario_detalle_id) values ('2020-12-15 15:48:07', true, 61933011, 3);
insert into asistencias (asistencia, estado, dni_estudiante, horario_detalle_id) values ('2020-12-15 14:37:23', true, 61933011, 4);
insert into asistencias (asistencia, estado, dni_estudiante, horario_detalle_id) values ('2020-12-15 01:39:04', true, 61933011, 5);
insert into asistencias (asistencia, estado, dni_estudiante, horario_detalle_id) values ('2020-12-16 00:36:29', true, 61933011, 6);
insert into asistencias (asistencia, estado, dni_estudiante, horario_detalle_id) values ('2020-12-16 05:46:40', true, 61933011, 7);
insert into asistencias (asistencia, estado, dni_estudiante, horario_detalle_id) values ('2020-12-17 03:02:21', true, 61933011, 8);
insert into asistencias (asistencia, estado, dni_estudiante, horario_detalle_id) values ('2020-12-17 22:14:54', true, 61933011, 9);
insert into asistencias (asistencia, estado, dni_estudiante, horario_detalle_id) values ('2020-12-17 05:52:13', false, 61933011, 10);
insert into asistencias (asistencia, estado, dni_estudiante, horario_detalle_id) values ('2020-12-18 05:28:18', false, 61933011, 11);
insert into asistencias (asistencia, estado, dni_estudiante, horario_detalle_id) values ('2020-12-18 05:28:18', false, 61933011, 12);
--
insert into asistencias (asistencia, estado, dni_estudiante, horario_detalle_id) values ('2020-12-21 20:55:01', false, 61933011, 1);
insert into asistencias (asistencia, estado, dni_estudiante, horario_detalle_id) values ('2020-12-21 04:03:28', false, 61933011, 2);
insert into asistencias (asistencia, estado, dni_estudiante, horario_detalle_id) values ('2020-12-22 15:48:07', true, 61933011, 3);
insert into asistencias (asistencia, estado, dni_estudiante, horario_detalle_id) values ('2020-12-22 14:37:23', true, 61933011, 4);
insert into asistencias (asistencia, estado, dni_estudiante, horario_detalle_id) values ('2020-12-22 01:39:04', true, 61933011, 5);
insert into asistencias (asistencia, estado, dni_estudiante, horario_detalle_id) values ('2020-12-23 00:36:29', true, 61933011, 6);


-- justificiones ()
insert into justificaciones (titulo, fecha_envio, fecha_justificacion, dni_estudiante, descripcion) values ('Justificación #1', '2020-08-01 21:57:00', '2020-01-20', 61933011, 'in congue etiam justo etiam pretium iaculis justo in hac habitasse platea dictumst etiam faucibus cursus urna ut tellus nulla ut erat id mauris vulputate elementum nullam varius nulla facilisi cras non velit nec nisi vulputate nonummy maecenas tincidunt lacus at velit vivamus vel nulla eget eros elementum pellentesque quisque porta volutpat erat quisque erat ');
insert into justificaciones (titulo, fecha_envio, fecha_justificacion, dni_estudiante, descripcion) values ('Justificación #2', '2020-10-04 21:57:00', '2020-01-20', 61933011, 'odio porttitor id consequat in consequat ut nulla sed accumsan felis ut at dolor quis odio consequat varius integer ac leo pellentesque ultrices in congue etiam justo etiam pretium iaculis justo in hac habitasse platea dictumst etiam faucibus cursus urna ut tellus nulla ut erat id mauris vulputate elementum nullam varius nulla facilisi cras non velit nec nisi');

-- notificaciones ()
-- citaciones [estados: P = pendiente (FF9315), V = vencido (FF9315), C = confirmado (14BE58), R = rechazado (F1212B)]
insert into notificaciones (titulo, tipo, fecha_envio, fecha_limite, estado, dni_estudiante, descripcion) values ('Reunión de padres #5', 'citacion', '2020-03-04 21:57:00', '2020-03-29 12:00:00', 'V', 61933011, 'in congue etiam justo etiam pretium iaculis justo in hac habitasse platea dictumst etiam faucibus cursus urna ut tellus nulla ut erat id mauris vulputate elementum nullam varius nulla facilisi cras non velit nec nisi vulputate nonummy maecenas tincidunt lacus at velit vivamus vel nulla eget eros elementum pellentesque quisque porta volutpat erat quisque erat eros viverra eget congue eget semper rutrum nulla nunc purus phasellus in felis donec semper sapien a libero nam dui proin leo odio porttitor id consequat in consequat ut nulla sed accumsan felis ut at dolor quis odio consequat varius integer ac leo pellentesque ultrices');
insert into notificaciones (titulo, tipo, fecha_envio, fecha_limite, estado, dni_estudiante, descripcion) values ('Reunión de padres #6', 'citacion', '2020-04-11 22:16:07', '2020-04-30 12:00:00', 'R', 61933011, 'nulla ac enim in tempor turpis nec euismod scelerisque quam turpis adipiscing lorem vitae mattis nibh ligula nec sem duis aliquam convallis nunc proin at turpis a pede posuere nonummy integer non velit donec diam neque vestibulum eget vulputate ut ultrices vel augue vestibulum ante ipsum primis in faucibus orci luctus et ultrices posuere cubilia curae donec pharetra magna vestibulum aliquet ultrices erat tortor sollicitudin mi sit amet lobortis sapien sapien non mi integer ac neque duis bibendum morbi non quam nec dui luctus rutrum nulla tellus in sagittis dui vel nisl duis ac nibh fusce lacus purus aliquet at');
insert into notificaciones (titulo, tipo, fecha_envio, fecha_limite, estado, dni_estudiante, descripcion) values ('Reunión de padres #7', 'citacion', '2020-05-27 15:18:05', '2020-05-31 12:00:00', 'C', 61933011, 'rhoncus sed vestibulum sit amet cursus id turpis integer aliquet massa id lobortis convallis tortor risus dapibus augue vel accumsan tellus nisi eu orci mauris lacinia sapien quis libero nullam sit amet turpis elementum ligula vehicula consequat morbi a ipsum integer a nibh in quis justo maecenas rhoncus aliquam lacus morbi quis tortor id nulla ultrices aliquet maecenas leo odio condimentum id luctus nec molestie sed justo pellentesque viverra pede ac diam cras pellentesque volutpat dui maecenas tristique est et tempus semper est quam pharetra magna ac consequat metus sapien ut nunc vestibulum ante ipsum primis in faucibus orci luctus');
insert into notificaciones (titulo, tipo, fecha_envio, fecha_limite, estado, dni_estudiante, descripcion) values ('Reunión de padres #8', 'citacion', '2020-06-16 08:02:07', '2020-06-20 12:00:00', 'C', 61933011, 'praesent id massa id nisl venenatis lacinia aenean sit amet justo morbi ut odio cras mi pede malesuada in imperdiet et commodo vulputate justo in blandit ultrices enim lorem ipsum dolor sit amet consectetuer adipiscing elit proin interdum mauris non ligula pellentesque ultrices phasellus id sapien in sapien iaculis congue vivamus metus arcu adipiscing molestie hendrerit at vulputate vitae nisl aenean lectus pellentesque eget nunc donec quis orci eget orci vehicula condimentum curabitur in libero ut massa volutpat convallis morbi odio odio elementum eu interdum eu tincidunt in leo maecenas pulvinar lobortis est phasellus sit amet erat nulla tempus vivamus');
insert into notificaciones (titulo, tipo, fecha_envio, fecha_limite, estado, dni_estudiante, descripcion) values ('Reunión de padres #9', 'citacion', '2020-07-24 08:16:25', '2020-07-28 12:00:00', 'V', 61933011, 'consectetuer adipiscing elit proin risus praesent lectus vestibulum quam sapien varius ut blandit non interdum in ante vestibulum ante ipsum primis in faucibus orci luctus et ultrices posuere cubilia curae duis faucibus accumsan odio curabitur convallis duis consequat dui nec nisi volutpat eleifend donec ut dolor morbi vel lectus in quam fringilla rhoncus mauris enim leo rhoncus sed vestibulum sit amet cursus id turpis integer aliquet massa id lobortis convallis tortor risus dapibus augue vel accumsan tellus nisi eu orci mauris lacinia sapien quis libero nullam sit amet turpis elementum ligula vehicula consequat morbi a ipsum integer a nibh in');
insert into notificaciones (titulo, tipo, fecha_envio, fecha_limite, estado, dni_estudiante, descripcion) values ('Reunión de padres #10', 'citacion', '2020-08-10 18:09:59', '2020-09-01 12:00:00', 'C', 61933011, 'lectus aliquam sit amet diam in magna bibendum imperdiet nullam orci pede venenatis non sodales sed tincidunt eu felis fusce posuere felis sed lacus morbi sem mauris laoreet ut rhoncus aliquet pulvinar sed nisl nunc rhoncus dui vel sem sed sagittis nam congue risus semper porta volutpat quam pede lobortis ligula sit amet eleifend pede libero quis orci nullam molestie nibh in lectus pellentesque at nulla suspendisse potenti cras in purus eu magna vulputate luctus cum sociis natoque penatibus et magnis dis parturient montes nascetur ridiculus mus vivamus vestibulum sagittis sapien cum sociis natoque penatibus et magnis dis parturient montes');
insert into notificaciones (titulo, tipo, fecha_envio, fecha_limite, estado, dni_estudiante, descripcion) values ('Reunión de padres #11', 'citacion', '2020-09-25 03:04:52', '2020-09-16 12:00:00', 'C', 61933011, 'ante vestibulum ante ipsum primis in faucibus orci luctus et ultrices posuere cubilia curae duis faucibus accumsan odio curabitur convallis duis consequat dui nec nisi volutpat eleifend donec ut dolor morbi vel lectus in quam fringilla rhoncus mauris enim leo rhoncus sed vestibulum sit amet cursus id turpis integer aliquet massa id lobortis convallis tortor risus dapibus augue vel accumsan tellus nisi eu orci mauris lacinia sapien quis libero nullam sit amet turpis elementum ligula vehicula consequat morbi a ipsum integer a nibh in quis justo maecenas rhoncus aliquam lacus morbi quis tortor id nulla ultrices aliquet maecenas leo odio');
insert into notificaciones (titulo, tipo, fecha_envio, fecha_limite, estado, dni_estudiante, descripcion) values ('Reunión de padres #12', 'citacion', '2020-10-22 12:04:57', '2020-10-30 12:00:00', 'C', 61933011, 'nisl aenean lectus pellentesque eget nunc donec quis orci eget orci vehicula condimentum curabitur in libero ut massa volutpat convallis morbi odio odio elementum eu interdum eu tincidunt in leo maecenas pulvinar lobortis est phasellus sit amet erat nulla tempus vivamus in felis eu sapien cursus vestibulum proin eu mi nulla ac enim in tempor turpis nec euismod scelerisque quam turpis adipiscing lorem vitae mattis nibh ligula nec sem duis aliquam convallis nunc proin at turpis a pede posuere nonummy integer non velit donec diam neque vestibulum eget vulputate ut ultrices vel augue vestibulum ante ipsum primis in faucibus orci');
insert into notificaciones (titulo, tipo, fecha_envio, fecha_limite, estado, dni_estudiante, descripcion) values ('Reunión de padres #13', 'citacion', '2020-11-03 04:51:10', '2020-11-12 12:00:00', 'V', 61933011, 'eu orci mauris lacinia sapien quis libero nullam sit amet turpis elementum ligula vehicula consequat morbi a ipsum integer a nibh in quis justo maecenas rhoncus aliquam lacus morbi quis tortor id nulla ultrices aliquet maecenas leo odio condimentum id luctus nec molestie sed justo pellentesque viverra pede ac diam cras pellentesque volutpat dui maecenas tristique est et tempus semper est quam pharetra magna ac consequat metus sapien ut nunc vestibulum ante ipsum primis in faucibus orci luctus et ultrices posuere cubilia curae mauris viverra diam vitae quam suspendisse potenti nullam porttitor lacus at turpis donec posuere metus vitae ipsum');
insert into notificaciones (titulo, tipo, fecha_envio, fecha_limite, estado, dni_estudiante, descripcion) values ('Reunión de padres #14', 'citacion', '2020-12-27 08:33:59', '2021-01-04 12:00:00', 'P', 61933011, 'quis turpis eget elit sodales scelerisque mauris sit amet eros suspendisse accumsan tortor quis turpis sed ante vivamus tortor duis mattis egestas metus aenean fermentum donec ut mauris eget massa tempor convallis nulla neque libero convallis eget eleifend luctus ultricies eu nibh quisque id justo sit amet sapien dignissim vestibulum vestibulum ante ipsum primis in faucibus orci luctus et ultrices posuere cubilia curae nulla dapibus dolor vel est donec odio justo sollicitudin ut suscipit a feugiat et eros vestibulum ac est lacinia nisi venenatis tristique fusce congue diam id ornare imperdiet sapien urna pretium nisl ut volutpat sapien arcu sed');
--
insert into notificaciones (titulo, tipo, fecha_envio, fecha_limite, estado, dni_estudiante, descripcion) values ('Reunión de padres #8', 'citacion', '2020-06-16 08:02:07', '2020-06-20 12:00:00', 'C', 61933012, 'praesent id massa id nisl venenatis lacinia aenean sit amet justo morbi ut odio cras mi pede malesuada in imperdiet et commodo vulputate justo in blandit ultrices enim lorem ipsum dolor sit amet consectetuer adipiscing elit proin interdum mauris non ligula pellentesque ultrices phasellus id sapien in sapien iaculis congue vivamus metus arcu adipiscing molestie hendrerit at vulputate vitae nisl aenean lectus pellentesque eget nunc donec quis orci eget orci vehicula condimentum curabitur in libero ut massa volutpat convallis morbi odio odio elementum eu interdum eu tincidunt in leo maecenas pulvinar lobortis est phasellus sit amet erat nulla tempus vivamus');
insert into notificaciones (titulo, tipo, fecha_envio, fecha_limite, estado, dni_estudiante, descripcion) values ('Reunión de padres #9', 'citacion', '2020-07-24 08:16:25', '2020-07-28 12:00:00', 'V', 61933012, 'consectetuer adipiscing elit proin risus praesent lectus vestibulum quam sapien varius ut blandit non interdum in ante vestibulum ante ipsum primis in faucibus orci luctus et ultrices posuere cubilia curae duis faucibus accumsan odio curabitur convallis duis consequat dui nec nisi volutpat eleifend donec ut dolor morbi vel lectus in quam fringilla rhoncus mauris enim leo rhoncus sed vestibulum sit amet cursus id turpis integer aliquet massa id lobortis convallis tortor risus dapibus augue vel accumsan tellus nisi eu orci mauris lacinia sapien quis libero nullam sit amet turpis elementum ligula vehicula consequat morbi a ipsum integer a nibh in');
insert into notificaciones (titulo, tipo, fecha_envio, fecha_limite, estado, dni_estudiante, descripcion) values ('Reunión de padres #10', 'citacion', '2020-08-10 18:09:59', '2020-09-01 12:00:00', 'C', 61933012, 'lectus aliquam sit amet diam in magna bibendum imperdiet nullam orci pede venenatis non sodales sed tincidunt eu felis fusce posuere felis sed lacus morbi sem mauris laoreet ut rhoncus aliquet pulvinar sed nisl nunc rhoncus dui vel sem sed sagittis nam congue risus semper porta volutpat quam pede lobortis ligula sit amet eleifend pede libero quis orci nullam molestie nibh in lectus pellentesque at nulla suspendisse potenti cras in purus eu magna vulputate luctus cum sociis natoque penatibus et magnis dis parturient montes nascetur ridiculus mus vivamus vestibulum sagittis sapien cum sociis natoque penatibus et magnis dis parturient montes');
-- comunicados [no tiene estado, son null]
insert into notificaciones (titulo, tipo, fecha_envio, dni_estudiante, descripcion) values ('in quis justo maecenas', 'comunicado', '2020-04-21 21:47:05', 61933011, 'luctus ultricies eu nibh quisque id justo sit amet sapien dignissim vestibulum vestibulum ante ipsum primis in faucibus orci luctus et ultrices posuere cubilia curae nulla dapibus dolor vel est donec odio justo sollicitudin ut suscipit a feugiat et eros vestibulum ac est lacinia nisi venenatis tristique fusce congue diam id ornare imperdiet sapien urna pretium nisl ut volutpat sapien arcu sed augue aliquam erat volutpat in congue etiam justo etiam pretium iaculis justo in hac habitasse platea dictumst etiam faucibus cursus urna ut tellus nulla ut erat id mauris vulputate elementum nullam varius nulla facilisi cras non velit nec');
insert into notificaciones (titulo, tipo, fecha_envio, dni_estudiante, descripcion) values ('pulvinar sed nisl nunc', 'comunicado', '2020-10-29 02:10:53', 61933011, 'primis in faucibus orci luctus et ultrices posuere cubilia curae nulla dapibus dolor vel est donec odio justo sollicitudin ut suscipit a feugiat et eros vestibulum ac est lacinia nisi venenatis tristique fusce congue diam id ornare imperdiet sapien urna pretium nisl ut volutpat sapien arcu sed augue aliquam erat volutpat in congue etiam justo etiam pretium iaculis justo in hac habitasse platea dictumst etiam faucibus cursus urna ut tellus nulla ut erat id mauris vulputate elementum nullam varius nulla facilisi cras non velit nec nisi vulputate nonummy maecenas tincidunt lacus at velit vivamus vel nulla eget eros elementum pellentesque');
insert into notificaciones (titulo, tipo, fecha_envio, dni_estudiante, descripcion) values ('neque sapien placerat ante', 'comunicado', '2020-06-14 23:36:06', 61933011, 'elementum nullam varius nulla facilisi cras non velit nec nisi vulputate nonummy maecenas tincidunt lacus at velit vivamus vel nulla eget eros elementum pellentesque quisque porta volutpat erat quisque erat eros viverra eget congue eget semper rutrum nulla nunc purus phasellus in felis donec semper sapien a libero nam dui proin leo odio porttitor id consequat in consequat ut nulla sed accumsan felis ut at dolor quis odio consequat varius integer ac leo pellentesque ultrices mattis odio donec vitae nisi nam ultrices libero non mattis pulvinar nulla pede ullamcorper augue a suscipit nulla elit ac nulla sed vel enim sit');
insert into notificaciones (titulo, tipo, fecha_envio, dni_estudiante, descripcion) values ('venenatis tristique fusce congue diam', 'comunicado', '2020-05-08 18:39:52', 61933011, 'turpis adipiscing lorem vitae mattis nibh ligula nec sem duis aliquam convallis nunc proin at turpis a pede posuere nonummy integer non velit donec diam neque vestibulum eget vulputate ut ultrices vel augue vestibulum ante ipsum primis in faucibus orci luctus et ultrices posuere cubilia curae donec pharetra magna vestibulum aliquet ultrices erat tortor sollicitudin mi sit amet lobortis sapien sapien non mi integer ac neque duis bibendum morbi non quam nec dui luctus rutrum nulla tellus in sagittis dui vel nisl duis ac nibh fusce lacus purus aliquet at feugiat non pretium quis lectus suspendisse potenti in eleifend quam');
insert into notificaciones (titulo, tipo, fecha_envio, dni_estudiante, descripcion) values ('vulputate nonummy maecenas tincidunt lacus', 'comunicado', '2020-05-02 03:44:02', 61933011, 'et ultrices posuere cubilia curae mauris viverra diam vitae quam suspendisse potenti nullam porttitor lacus at turpis donec posuere metus vitae ipsum aliquam non mauris morbi non lectus aliquam sit amet diam in magna bibendum imperdiet nullam orci pede venenatis non sodales sed tincidunt eu felis fusce posuere felis sed lacus morbi sem mauris laoreet ut rhoncus aliquet pulvinar sed nisl nunc rhoncus dui vel sem sed sagittis nam congue risus semper porta volutpat quam pede lobortis ligula sit amet eleifend pede libero quis orci nullam molestie nibh in lectus pellentesque at nulla suspendisse potenti cras in purus eu magna');
insert into notificaciones (titulo, tipo, fecha_envio, dni_estudiante, descripcion) values ('facilisi cras non velit nec', 'comunicado', '2020-12-08 20:10:18', 61933011, 'non mi integer ac neque duis bibendum morbi non quam nec dui luctus rutrum nulla tellus in sagittis dui vel nisl duis ac nibh fusce lacus purus aliquet at feugiat non pretium quis lectus suspendisse potenti in eleifend quam a odio in hac habitasse platea dictumst maecenas ut massa quis augue luctus tincidunt nulla mollis molestie lorem quisque ut erat curabitur gravida nisi at nibh in hac habitasse platea dictumst aliquam augue quam sollicitudin vitae consectetuer eget rutrum at lorem integer tincidunt ante vel ipsum praesent blandit lacinia erat vestibulum sed magna at nunc commodo placerat praesent blandit nam nulla');
insert into notificaciones (titulo, tipo, fecha_envio, dni_estudiante, descripcion) values ('fermentum justo nec', 'comunicado', '2020-04-09 00:48:38', 61933011, 'varius ut blandit non interdum in ante vestibulum ante ipsum primis in faucibus orci luctus et ultrices posuere cubilia curae duis faucibus accumsan odio curabitur convallis duis consequat dui nec nisi volutpat eleifend donec ut dolor morbi vel lectus in quam fringilla rhoncus mauris enim leo rhoncus sed vestibulum sit amet cursus id turpis integer aliquet massa id lobortis convallis tortor risus dapibus augue vel accumsan tellus nisi eu orci mauris lacinia sapien quis libero nullam sit amet turpis elementum ligula vehicula consequat morbi a ipsum integer a nibh in quis justo maecenas rhoncus aliquam lacus morbi quis tortor id');
insert into notificaciones (titulo, tipo, fecha_envio, dni_estudiante, descripcion) values ('metus sapien ut nunc', 'comunicado', '2020-11-24 13:50:54', 61933011, 'massa donec dapibus duis at velit eu est congue elementum in hac habitasse platea dictumst morbi vestibulum velit id pretium iaculis diam erat fermentum justo nec condimentum neque sapien placerat ante nulla justo aliquam quis turpis eget elit sodales scelerisque mauris sit amet eros suspendisse accumsan tortor quis turpis sed ante vivamus tortor duis mattis egestas metus aenean fermentum donec ut mauris eget massa tempor convallis nulla neque libero convallis eget eleifend luctus ultricies eu nibh quisque id justo sit amet sapien dignissim vestibulum vestibulum ante ipsum primis in faucibus orci luctus et ultrices posuere cubilia curae nulla dapibus dolor');
insert into notificaciones (titulo, tipo, fecha_envio, dni_estudiante, descripcion) values ('id lobortis convallis tortor risus', 'comunicado', '2020-07-09 23:52:11', 61933011, 'nec sem duis aliquam convallis nunc proin at turpis a pede posuere nonummy integer non velit donec diam neque vestibulum eget vulputate ut ultrices vel augue vestibulum ante ipsum primis in faucibus orci luctus et ultrices posuere cubilia curae donec pharetra magna vestibulum aliquet ultrices erat tortor sollicitudin mi sit amet lobortis sapien sapien non mi integer ac neque duis bibendum morbi non quam nec dui luctus rutrum nulla tellus in sagittis dui vel nisl duis ac nibh fusce lacus purus aliquet at feugiat non pretium quis lectus suspendisse potenti in eleifend quam a odio in hac habitasse platea dictumst');
insert into notificaciones (titulo, tipo, fecha_envio, dni_estudiante, descripcion) values ('quis orci nullam molestie nibh', 'comunicado', '2020-05-29 14:49:26', 61933011, 'semper porta volutpat quam pede lobortis ligula sit amet eleifend pede libero quis orci nullam molestie nibh in lectus pellentesque at nulla suspendisse potenti cras in purus eu magna vulputate luctus cum sociis natoque penatibus et magnis dis parturient montes nascetur ridiculus mus vivamus vestibulum sagittis sapien cum sociis natoque penatibus et magnis dis parturient montes nascetur ridiculus mus etiam vel augue vestibulum rutrum rutrum neque aenean auctor gravida sem praesent id massa id nisl venenatis lacinia aenean sit amet justo morbi ut odio cras mi pede malesuada in imperdiet et commodo vulputate justo in blandit ultrices enim lorem ipsum');
--
insert into notificaciones (titulo, tipo, fecha_envio, dni_estudiante, descripcion) values ('in quis justo maecenas', 'comunicado', '2020-04-21 21:47:05', 61933012, 'luctus ultricies eu nibh quisque id justo sit amet sapien dignissim vestibulum vestibulum ante ipsum primis in faucibus orci luctus et ultrices posuere cubilia curae nulla dapibus dolor vel est donec odio justo sollicitudin ut suscipit a feugiat et eros vestibulum ac est lacinia nisi venenatis tristique fusce congue diam id ornare imperdiet sapien urna pretium nisl ut volutpat sapien arcu sed augue aliquam erat volutpat in congue etiam justo etiam pretium iaculis justo in hac habitasse platea dictumst etiam faucibus cursus urna ut tellus nulla ut erat id mauris vulputate elementum nullam varius nulla facilisi cras non velit nec');
insert into notificaciones (titulo, tipo, fecha_envio, dni_estudiante, descripcion) values ('pulvinar sed nisl nunc', 'comunicado', '2020-10-29 02:10:53', 61933012, 'primis in faucibus orci luctus et ultrices posuere cubilia curae nulla dapibus dolor vel est donec odio justo sollicitudin ut suscipit a feugiat et eros vestibulum ac est lacinia nisi venenatis tristique fusce congue diam id ornare imperdiet sapien urna pretium nisl ut volutpat sapien arcu sed augue aliquam erat volutpat in congue etiam justo etiam pretium iaculis justo in hac habitasse platea dictumst etiam faucibus cursus urna ut tellus nulla ut erat id mauris vulputate elementum nullam varius nulla facilisi cras non velit nec nisi vulputate nonummy maecenas tincidunt lacus at velit vivamus vel nulla eget eros elementum pellentesque');
insert into notificaciones (titulo, tipo, fecha_envio, dni_estudiante, descripcion) values ('neque sapien placerat ante', 'comunicado', '2020-06-14 23:36:06', 61933012, 'elementum nullam varius nulla facilisi cras non velit nec nisi vulputate nonummy maecenas tincidunt lacus at velit vivamus vel nulla eget eros elementum pellentesque quisque porta volutpat erat quisque erat eros viverra eget congue eget semper rutrum nulla nunc purus phasellus in felis donec semper sapien a libero nam dui proin leo odio porttitor id consequat in consequat ut nulla sed accumsan felis ut at dolor quis odio consequat varius integer ac leo pellentesque ultrices mattis odio donec vitae nisi nam ultrices libero non mattis pulvinar nulla pede ullamcorper augue a suscipit nulla elit ac nulla sed vel enim sit');
insert into notificaciones (titulo, tipo, fecha_envio, dni_estudiante, descripcion) values ('venenatis tristique fusce congue diam', 'comunicado', '2020-05-08 18:39:52', 61933012, 'turpis adipiscing lorem vitae mattis nibh ligula nec sem duis aliquam convallis nunc proin at turpis a pede posuere nonummy integer non velit donec diam neque vestibulum eget vulputate ut ultrices vel augue vestibulum ante ipsum primis in faucibus orci luctus et ultrices posuere cubilia curae donec pharetra magna vestibulum aliquet ultrices erat tortor sollicitudin mi sit amet lobortis sapien sapien non mi integer ac neque duis bibendum morbi non quam nec dui luctus rutrum nulla tellus in sagittis dui vel nisl duis ac nibh fusce lacus purus aliquet at feugiat non pretium quis lectus suspendisse potenti in eleifend quam');
insert into notificaciones (titulo, tipo, fecha_envio, dni_estudiante, descripcion) values ('vulputate nonummy maecenas tincidunt lacus', 'comunicado', '2020-05-02 03:44:02', 61933012, 'et ultrices posuere cubilia curae mauris viverra diam vitae quam suspendisse potenti nullam porttitor lacus at turpis donec posuere metus vitae ipsum aliquam non mauris morbi non lectus aliquam sit amet diam in magna bibendum imperdiet nullam orci pede venenatis non sodales sed tincidunt eu felis fusce posuere felis sed lacus morbi sem mauris laoreet ut rhoncus aliquet pulvinar sed nisl nunc rhoncus dui vel sem sed sagittis nam congue risus semper porta volutpat quam pede lobortis ligula sit amet eleifend pede libero quis orci nullam molestie nibh in lectus pellentesque at nulla suspendisse potenti cras in purus eu magna');
-- permisos [estados: P = pendiente, V = vencido, A = aprobado, D = desaprobado]
insert into notificaciones (titulo, tipo, fecha_envio, fecha_limite, estado, dni_estudiante, descripcion) values ('Hendrerit at vulputate', 'permiso', '2020-03-13 13:30:29', '2020-03-20 12:00:00', 'D', 61933011, 'integer non velit donec diam neque vestibulum eget vulputate ut ultrices vel augue vestibulum ante ipsum primis in faucibus orci luctus et ultrices posuere cubilia curae donec pharetra magna vestibulum aliquet ultrices erat tortor sollicitudin mi sit amet lobortis sapien sapien non mi integer ac neque duis bibendum morbi non quam nec dui luctus rutrum nulla tellus in sagittis dui vel nisl duis ac nibh fusce lacus purus aliquet at feugiat non pretium quis lectus suspendisse potenti in eleifend quam a odio in hac habitasse platea dictumst maecenas ut massa quis augue luctus tincidunt nulla mollis molestie lorem quisque ut');
insert into notificaciones (titulo, tipo, fecha_envio, fecha_limite, estado, dni_estudiante, descripcion) values ('Diam erat fermentum justo', 'permiso', '2020-05-13 23:05:45', '2020-05-20 12:00:00', 'D', 61933011, 'nulla dapibus dolor vel est donec odio justo sollicitudin ut suscipit a feugiat et eros vestibulum ac est lacinia nisi venenatis tristique fusce congue diam id ornare imperdiet sapien urna pretium nisl ut volutpat sapien arcu sed augue aliquam erat volutpat in congue etiam justo etiam pretium iaculis justo in hac habitasse platea dictumst etiam faucibus cursus urna ut tellus nulla ut erat id mauris vulputate elementum nullam varius nulla facilisi cras non velit nec nisi vulputate nonummy maecenas tincidunt lacus at velit vivamus vel nulla eget eros elementum pellentesque quisque porta volutpat erat quisque erat eros viverra eget congue');
insert into notificaciones (titulo, tipo, fecha_envio, fecha_limite, estado, dni_estudiante, descripcion) values ('Bibendum imperdiet nullam', 'permiso', '2020-07-23 14:54:21', '2020-07-30 12:00:00', 'A', 61933011, 'ut volutpat sapien arcu sed augue aliquam erat volutpat in congue etiam justo etiam pretium iaculis justo in hac habitasse platea dictumst etiam faucibus cursus urna ut tellus nulla ut erat id mauris vulputate elementum nullam varius nulla facilisi cras non velit nec nisi vulputate nonummy maecenas tincidunt lacus at velit vivamus vel nulla eget eros elementum pellentesque quisque porta volutpat erat quisque erat eros viverra eget congue eget semper rutrum nulla nunc purus phasellus in felis donec semper sapien a libero nam dui proin leo odio porttitor id consequat in consequat ut nulla sed accumsan felis ut at dolor');
insert into notificaciones (titulo, tipo, fecha_envio, fecha_limite, estado, dni_estudiante, descripcion) values ('Feugiat et eros vestibulum', 'permiso', '2020-09-01 07:47:02', '2020-09-08 12:00:00', 'A', 61933011, 'integer ac neque duis bibendum morbi non quam nec dui luctus rutrum nulla tellus in sagittis dui vel nisl duis ac nibh fusce lacus purus aliquet at feugiat non pretium quis lectus suspendisse potenti in eleifend quam a odio in hac habitasse platea dictumst maecenas ut massa quis augue luctus tincidunt nulla mollis molestie lorem quisque ut erat curabitur gravida nisi at nibh in hac habitasse platea dictumst aliquam augue quam sollicitudin vitae consectetuer eget rutrum at lorem integer tincidunt ante vel ipsum praesent blandit lacinia erat vestibulum sed magna at nunc commodo placerat praesent blandit nam nulla integer pede');
insert into notificaciones (titulo, tipo, fecha_envio, fecha_limite, estado, dni_estudiante, descripcion) values ('Orci vehicula condimentum curabitur in', 'permiso', '2020-12-27 08:23:46', '2021-01-05 12:00:00', 'P', 61933011, 'varius nulla facilisi cras non velit nec nisi vulputate nonummy maecenas tincidunt lacus at velit vivamus vel nulla eget eros elementum pellentesque quisque porta volutpat erat quisque erat eros viverra eget congue eget semper rutrum nulla nunc purus phasellus in felis donec semper sapien a libero nam dui proin leo odio porttitor id consequat in consequat ut nulla sed accumsan felis ut at dolor quis odio consequat varius integer ac leo pellentesque ultrices mattis odio donec vitae nisi nam ultrices libero non mattis pulvinar nulla pede ullamcorper augue a suscipit nulla elit ac nulla sed vel enim sit amet nunc');
--
insert into notificaciones (titulo, tipo, fecha_envio, fecha_limite, estado, dni_estudiante, descripcion) values ('Hendrerit at vulputate', 'permiso', '2020-03-13 13:30:29', '2020-03-20 12:00:00', 'D', 61933012, 'integer non velit donec diam neque vestibulum eget vulputate ut ultrices vel augue vestibulum ante ipsum primis in faucibus orci luctus et ultrices posuere cubilia curae donec pharetra magna vestibulum aliquet ultrices erat tortor sollicitudin mi sit amet lobortis sapien sapien non mi integer ac neque duis bibendum morbi non quam nec dui luctus rutrum nulla tellus in sagittis dui vel nisl duis ac nibh fusce lacus purus aliquet at feugiat non pretium quis lectus suspendisse potenti in eleifend quam a odio in hac habitasse platea dictumst maecenas ut massa quis augue luctus tincidunt nulla mollis molestie lorem quisque ut');
insert into notificaciones (titulo, tipo, fecha_envio, fecha_limite, estado, dni_estudiante, descripcion) values ('Diam erat fermentum justo', 'permiso', '2020-05-13 23:05:45', '2020-05-20 12:00:00', 'D', 61933012, 'nulla dapibus dolor vel est donec odio justo sollicitudin ut suscipit a feugiat et eros vestibulum ac est lacinia nisi venenatis tristique fusce congue diam id ornare imperdiet sapien urna pretium nisl ut volutpat sapien arcu sed augue aliquam erat volutpat in congue etiam justo etiam pretium iaculis justo in hac habitasse platea dictumst etiam faucibus cursus urna ut tellus nulla ut erat id mauris vulputate elementum nullam varius nulla facilisi cras non velit nec nisi vulputate nonummy maecenas tincidunt lacus at velit vivamus vel nulla eget eros elementum pellentesque quisque porta volutpat erat quisque erat eros viverra eget congue');
insert into notificaciones (titulo, tipo, fecha_envio, fecha_limite, estado, dni_estudiante, descripcion) values ('Bibendum imperdiet nullam', 'permiso', '2020-07-23 14:54:21', '2020-07-30 12:00:00', 'A', 61933012, 'ut volutpat sapien arcu sed augue aliquam erat volutpat in congue etiam justo etiam pretium iaculis justo in hac habitasse platea dictumst etiam faucibus cursus urna ut tellus nulla ut erat id mauris vulputate elementum nullam varius nulla facilisi cras non velit nec nisi vulputate nonummy maecenas tincidunt lacus at velit vivamus vel nulla eget eros elementum pellentesque quisque porta volutpat erat quisque erat eros viverra eget congue eget semper rutrum nulla nunc purus phasellus in felis donec semper sapien a libero nam dui proin leo odio porttitor id consequat in consequat ut nulla sed accumsan felis ut at dolor');
insert into notificaciones (titulo, tipo, fecha_envio, fecha_limite, estado, dni_estudiante, descripcion) values ('Feugiat et eros vestibulum', 'permiso', '2020-09-01 07:47:02', '2020-09-08 12:00:00', 'A', 61933012, 'integer ac neque duis bibendum morbi non quam nec dui luctus rutrum nulla tellus in sagittis dui vel nisl duis ac nibh fusce lacus purus aliquet at feugiat non pretium quis lectus suspendisse potenti in eleifend quam a odio in hac habitasse platea dictumst maecenas ut massa quis augue luctus tincidunt nulla mollis molestie lorem quisque ut erat curabitur gravida nisi at nibh in hac habitasse platea dictumst aliquam augue quam sollicitudin vitae consectetuer eget rutrum at lorem integer tincidunt ante vel ipsum praesent blandit lacinia erat vestibulum sed magna at nunc commodo placerat praesent blandit nam nulla integer pede');
insert into notificaciones (titulo, tipo, fecha_envio, fecha_limite, estado, dni_estudiante, descripcion) values ('Orci vehicula condimentum curabitur in', 'permiso', '2020-12-27 08:23:46', '2021-01-05 12:00:00', 'P', 61933012, 'varius nulla facilisi cras non velit nec nisi vulputate nonummy maecenas tincidunt lacus at velit vivamus vel nulla eget eros elementum pellentesque quisque porta volutpat erat quisque erat eros viverra eget congue eget semper rutrum nulla nunc purus phasellus in felis donec semper sapien a libero nam dui proin leo odio porttitor id consequat in consequat ut nulla sed accumsan felis ut at dolor quis odio consequat varius integer ac leo pellentesque ultrices mattis odio donec vitae nisi nam ultrices libero non mattis pulvinar nulla pede ullamcorper augue a suscipit nulla elit ac nulla sed vel enim sit amet nunc');