USE bd_mpb;

-- distrito (43)
INSERT INTO distrito (nombre) VALUES ('LIMA');
INSERT INTO distrito (nombre) VALUES ('ANCÓN');
INSERT INTO distrito (nombre) VALUES ('ATE');
INSERT INTO distrito (nombre) VALUES ('BARRANCO');
INSERT INTO distrito (nombre) VALUES ('BREÑA');
INSERT INTO distrito (nombre) VALUES ('CARABAYLLO');
INSERT INTO distrito (nombre) VALUES ('CHACLACAYO');
INSERT INTO distrito (nombre) VALUES ('CHORRILLOS');
INSERT INTO distrito (nombre) VALUES ('CIENEGUILLA');
INSERT INTO distrito (nombre) VALUES ('COMAS');
INSERT INTO distrito (nombre) VALUES ('EL AGUSTINO');
INSERT INTO distrito (nombre) VALUES ('INDEPENDENCIA');
INSERT INTO distrito (nombre) VALUES ('JESÚS MARÍA');
INSERT INTO distrito (nombre) VALUES ('LA MOLINA');
INSERT INTO distrito (nombre) VALUES ('LA VICTORIA');
INSERT INTO distrito (nombre) VALUES ('LINCE');
INSERT INTO distrito (nombre) VALUES ('LOS OLIVOS');
INSERT INTO distrito (nombre) VALUES ('LURIGANCHO');
INSERT INTO distrito (nombre) VALUES ('LURÍN');
INSERT INTO distrito (nombre) VALUES ('MAGDALENA DEL MAR');
INSERT INTO distrito (nombre) VALUES ('PUEBLO LIBRE');
INSERT INTO distrito (nombre) VALUES ('MIRAFLORES');
INSERT INTO distrito (nombre) VALUES ('PACHACAMAC');
INSERT INTO distrito (nombre) VALUES ('PUCUSANA');
INSERT INTO distrito (nombre) VALUES ('PUENTE PIEDRA');
INSERT INTO distrito (nombre) VALUES ('PUNTA HERMOSA');
INSERT INTO distrito (nombre) VALUES ('PUNTA NEGRA');
INSERT INTO distrito (nombre) VALUES ('RÍMAC');
INSERT INTO distrito (nombre) VALUES ('SAN BARTOLO');
INSERT INTO distrito (nombre) VALUES ('SAN BORJA');
INSERT INTO distrito (nombre) VALUES ('SAN ISIDRO');
INSERT INTO distrito (nombre) VALUES ('SAN JUAN DE LURIGANCHO');
INSERT INTO distrito (nombre) VALUES ('SAN JUAN DE MIRAFLORES');
INSERT INTO distrito (nombre) VALUES ('SAN LUIS');
INSERT INTO distrito (nombre) VALUES ('SAN MARTÍN DE PORRES');
INSERT INTO distrito (nombre) VALUES ('SAN MIGUEL');
INSERT INTO distrito (nombre) VALUES ('SANTA ANITA');
INSERT INTO distrito (nombre) VALUES ('SANTA MARÍA DEL MAR');
INSERT INTO distrito (nombre) VALUES ('SANTA ROSA');
INSERT INTO distrito (nombre) VALUES ('SANTIAGO DE SURCO');
INSERT INTO distrito (nombre) VALUES ('SURQUILLO');
INSERT INTO distrito (nombre) VALUES ('VILLA EL SALVADOR');
INSERT INTO distrito (nombre) VALUES ('VILLA MARÍA DEL TRIUNFO');

-- apoderado (30)
INSERT INTO apoderado (dni, nombres, apellidos, celular, correo, pass, estado) VALUES (68154650,'Glen', 'Guillet',  932883923, 'gguillet0@netscape.com', 123, 1);
INSERT INTO apoderado (dni, nombres, apellidos, celular, correo, pass, estado) VALUES (67005859,'Gayelord', 'Drowsfield',  935657330, 'gdrowsfield1@jugem.jp', 123, 1);
INSERT INTO apoderado (dni, nombres, apellidos, celular, correo, pass, estado) VALUES (44389141,'Tomasine', 'Redhills',  934604474, 'tredhills2@gravatar.com', 123, 1);
INSERT INTO apoderado (dni, nombres, apellidos, celular, correo, pass, estado) VALUES (78261359, 'Benedict', 'Simioli', 935394641, 'bsimioli3@topsy.com', 123, 1);
INSERT INTO apoderado (dni, nombres, apellidos, celular, correo, pass, estado) VALUES (49301304, 'Lucilia', 'Eddy', 933460765, 'leddy4@apple.com', 123, 1);
INSERT INTO apoderado (dni, nombres, apellidos, celular, correo, pass, estado) VALUES (68972794, 'Cassondra', 'Davidai', 936959784, 'cdavidai5@amazon.com', 123, 1);
INSERT INTO apoderado (dni, nombres, apellidos, celular, correo, pass, estado) VALUES (40032279, 'Callida', 'Gomery', 925116245, 'cgomery6@earthlink.net', 123, 1);
INSERT INTO apoderado (dni, nombres, apellidos, celular, correo, pass, estado) VALUES (69732675, 'Nicola', 'Twell', 943229694, 'ntwell7@independent.co.uk', 123, 1);
INSERT INTO apoderado (dni, nombres, apellidos, celular, correo, pass, estado) VALUES (64469320, 'Tiff', 'Castellucci', 923313067, 'tcastellucci8@nhs.uk', 123, 1);
INSERT INTO apoderado (dni, nombres, apellidos, celular, correo, pass, estado) VALUES (62660244, 'Hannis', 'Rawcliffe', 924828835, 'hrawcliffe9@vk.com', 123, 1);
INSERT INTO apoderado (dni, nombres, apellidos, celular, correo, pass, estado) VALUES (73165285, 'Sybila', 'de Courcy', 946692000, 'sdecourcya@economist.com', 123, 1);
INSERT INTO apoderado (dni, nombres, apellidos, celular, correo, pass, estado) VALUES (43657138, 'Bee', 'Darker', 934136824, 'bdarkerb@jalbum.net', 123, 1);
INSERT INTO apoderado (dni, nombres, apellidos, celular, correo, pass, estado) VALUES (77871811, 'Shaun', 'Fishby', 926873024, 'sfishbyc@go.com', 123, 1);
INSERT INTO apoderado (dni, nombres, apellidos, celular, correo, pass, estado) VALUES (56182225, 'Cloe', 'Espina', 940413357, 'cespinad@creativecommons.org', 123, 1);
INSERT INTO apoderado (dni, nombres, apellidos, celular, correo, pass, estado) VALUES (75451730, 'Honor', 'Diplock', 941990821, 'hdiplocke@yahoo.com', 123, 1);
INSERT INTO apoderado (dni, nombres, apellidos, celular, correo, pass, estado) VALUES (61387618, 'Em', 'Welbourn', 924810257, 'ewelbournf@nydailynews.com', 123, 1);
INSERT INTO apoderado (dni, nombres, apellidos, celular, correo, pass, estado) VALUES (65625301, 'Patrica', 'Rate', 947758797, 'prateg@google.cn', 123, 1);
INSERT INTO apoderado (dni, nombres, apellidos, celular, correo, pass, estado) VALUES (78651735, 'Angie', 'Noice', 922393862, 'anoiceh@mediafire.com', 123, 1);
INSERT INTO apoderado (dni, nombres, apellidos, celular, correo, pass, estado) VALUES (48156301, 'Zuzana', 'Hedman', 944345261, 'zhedmani@fotki.com', 123, 1);
INSERT INTO apoderado (dni, nombres, apellidos, celular, correo, pass, estado) VALUES (78172050, 'Isador', 'Goreway', 928787881, 'igorewayj@oracle.com', 123, 1);
INSERT INTO apoderado (dni, nombres, apellidos, celular, correo, pass, estado) VALUES (53896293, 'Sergent', 'Blakeney', 920047514, 'sblakeneyk@twitter.com', 123, 1);
INSERT INTO apoderado (dni, nombres, apellidos, celular, correo, pass, estado) VALUES (66293439, 'Brandise', 'Conaghy', 942746565, 'bconaghyl@wikispaces.com', 123, 1);
INSERT INTO apoderado (dni, nombres, apellidos, celular, correo, pass, estado) VALUES (50297129, 'Nichole', 'Leyland', 931074969, 'nleylandm@amazon.com', 123, 1);
INSERT INTO apoderado (dni, nombres, apellidos, celular, correo, pass, estado) VALUES (59992197, 'Isa', 'Stuckford', 924876866, 'istuckfordn@un.org', 123, 1);
INSERT INTO apoderado (dni, nombres, apellidos, celular, correo, pass, estado) VALUES (59338610, 'Gigi', 'Sugar', 936939003, 'gsugaro@themeforest.net', 123, 1);
INSERT INTO apoderado (dni, nombres, apellidos, celular, correo, pass, estado) VALUES (42161177, 'Van', 'Roughey', 947728459, 'vrougheyp@kickstarter.com', 123, 1);
INSERT INTO apoderado (dni, nombres, apellidos, celular, correo, pass, estado) VALUES (54672176, 'Thibaud', 'Hetterich',  928623467, 'thetterichq@cargocollective.com', 123, 1);
INSERT INTO apoderado (dni, nombres, apellidos, celular, correo, pass, estado) VALUES (72819489, 'Aluin', 'Davinet', 941189408, 'adavinetr@weibo.com', 123, 1);
INSERT INTO apoderado (dni, nombres, apellidos, celular, correo, pass, estado) VALUES (76688326, 'Madelena', 'Jorez', 948857953, 'mjorezs@123-reg.co.uk', 123, 1);
INSERT INTO apoderado (dni, nombres, apellidos, celular, correo, pass, estado) VALUES (62867217, 'Rowney', 'Wyndham', 944836373, 'rwyndhamt@devhub.com', 123, 1);

-- estudiante (42)
-- inicial (9)
-- 3 años (05/15/2016 - 02/28/2017)
INSERT INTO estudiante (dni, nombres, apellidos, fecha_nacimiento, dni_apoderado, celular, correo, id_distrito, direccion, pass, estado) VALUES (87341016, 'Katharina', 'Christophersen', '2016-07-01', 68154650, NULL, NULL, 29, '13 Ludington Center', 123, 1);
INSERT INTO estudiante (dni, nombres, apellidos, fecha_nacimiento, dni_apoderado, celular, correo, id_distrito, direccion, pass, estado) VALUES (98304976, 'Jen', 'Rivelin', '2016-05-18', 40032279, NULL, NULL, 4, '16107 Sullivan Park', 123, 1);
INSERT INTO estudiante (dni, nombres, apellidos, fecha_nacimiento, dni_apoderado, celular, correo, id_distrito, direccion, pass, estado) VALUES (88138260, 'Joye', 'Bishop', '2016-07-27', 68154650, NULL, NULL, 9, '90 Kinsman Plaza', 123, 1);
-- 4 años (05/15/2015 - 02/28/2016)
INSERT INTO estudiante (dni, nombres, apellidos, fecha_nacimiento, dni_apoderado, celular, correo, id_distrito, direccion, pass, estado) VALUES (86423307, 'Reyna', 'Coneley', '2015-08-07', 43657138, NULL, NULL, 36, '4 Clarendon Point', 123, 1);
INSERT INTO estudiante (dni, nombres, apellidos, fecha_nacimiento, dni_apoderado, celular, correo, id_distrito, direccion, pass, estado) VALUES (86506485, 'Dian', 'Chazelle', '2015-10-02', 48156301, NULL, NULL, 19, '5 Bunker Hill Court', 123, 1);
INSERT INTO estudiante (dni, nombres, apellidos, fecha_nacimiento, dni_apoderado, celular, correo, id_distrito, direccion, pass, estado) VALUES (86647513, 'Mae', 'Broyd', '2015-10-18', 42161177, NULL, NULL, 7, '69280 Spenser Street', 123, 1);
-- 5 años (05/15/2014 - 02/28/2015)
INSERT INTO estudiante (dni, nombres, apellidos, fecha_nacimiento, dni_apoderado, celular, correo, id_distrito, direccion, pass, estado) VALUES (85344568, 'Blinnie', 'Jutson', '2015-01-27', 68972794, NULL, NULL, 42, '67158 Crownhardt Place', 123, 1);
INSERT INTO estudiante (dni, nombres, apellidos, fecha_nacimiento, dni_apoderado, celular, correo, id_distrito, direccion, pass, estado) VALUES (85325837, 'Flore', 'Streeten', '2014-12-11', 76688326, NULL, NULL, 1, '8762 Buena Vista Crossing', 123, 1);
INSERT INTO estudiante (dni, nombres, apellidos, fecha_nacimiento, dni_apoderado, celular, correo, id_distrito, direccion, pass, estado) VALUES (85668049, 'Siusan', 'Garrat', '2015-01-05', 44389141, NULL, NULL, 43, '7 Orin Center', 123, 1);
-- primaria (18)
-- 1ro 6 (05/15/2013 - 02/28/2014)
INSERT INTO estudiante (dni, nombres, apellidos, fecha_nacimiento, dni_apoderado, celular, correo, id_distrito, direccion, pass, estado) VALUES (84111546, 'Lainey', 'China', '2013-08-10', 62660244, NULL, NULL, 40, '36 Quincy Plaza', 123, 1);
INSERT INTO estudiante (dni, nombres, apellidos, fecha_nacimiento, dni_apoderado, celular, correo, id_distrito, direccion, pass, estado) VALUES (83553013, 'Sonny', 'Impey', '2013-06-05', 69732675, NULL, NULL, 29, '93374 Dawn Hill', 123, 1);
INSERT INTO estudiante (dni, nombres, apellidos, fecha_nacimiento, dni_apoderado, celular, correo, id_distrito, direccion, pass, estado) VALUES (84525197, 'Dacie', 'Hedderly', '2014-02-27', 61387618, NULL, NULL, 29, '7 Carey Crossing', 123, 1);
-- 2do 7 (05/15/2012 - 02/28/2013)
INSERT INTO estudiante (dni, nombres, apellidos, fecha_nacimiento, dni_apoderado, celular, correo, id_distrito, direccion, pass, estado) VALUES (83867662, 'Rosaleen', 'Yurkevich', '2012-09-13', 42161177, NULL, NULL, 10, '9601 Jenna Circle', 123, 1);
INSERT INTO estudiante (dni, nombres, apellidos, fecha_nacimiento, dni_apoderado, celular, correo, id_distrito, direccion, pass, estado) VALUES (83809323, 'Georgeanne', 'Pellew', '2012-11-03', 78651735, NULL, NULL, 33, '100 Westerfield Court', 123, 1);
INSERT INTO estudiante (dni, nombres, apellidos, fecha_nacimiento, dni_apoderado, celular, correo, id_distrito, direccion, pass, estado) VALUES (83010782, 'Tildi', 'Cayley', '2013-02-04', 50297129, NULL, NULL, 11, '805 Brown Circle', 123, 1);
-- 3ro 8 (05/15/2011 - 02/28/2012)
INSERT INTO estudiante (dni, nombres, apellidos, fecha_nacimiento, dni_apoderado, celular, correo, id_distrito, direccion, pass, estado) VALUES (81208197, 'Ardeen', 'Beange', '2011-05-19', 59338610, NULL, NULL, 4, '938 Clemons Pass', 123, 1);
INSERT INTO estudiante (dni, nombres, apellidos, fecha_nacimiento, dni_apoderado, celular, correo, id_distrito, direccion, pass, estado) VALUES (81526804, 'Anabelle', 'Gantzman', '2011-09-29', 54672176, NULL, NULL, 39, '9 Heffernan Circle', 123, 1);
INSERT INTO estudiante (dni, nombres, apellidos, fecha_nacimiento, dni_apoderado, celular, correo, id_distrito, direccion, pass, estado) VALUES (82685319, 'Giuditta', 'Clemo', '2011-08-10', 72819489, NULL, NULL, 5, '90178 Northland Road', 123, 1);
-- 4to 9 (05/15/2010 - 02/28/2011)
INSERT INTO estudiante (dni, nombres, apellidos, fecha_nacimiento, dni_apoderado, celular, correo, id_distrito, direccion, pass, estado) VALUES (80349962, 'Virgie', 'I''anson', '2010-11-09', 75451730, NULL, NULL, 22, '69507 Reinke Lane', 123, 1);
INSERT INTO estudiante (dni, nombres, apellidos, fecha_nacimiento, dni_apoderado, celular, correo, id_distrito, direccion, pass, estado) VALUES (79983677, 'Tresa', 'Whilder', '2011-01-12', 65625301, NULL, NULL, 3, '850 Jenifer Pass', 123, 1);
INSERT INTO estudiante (dni, nombres, apellidos, fecha_nacimiento, dni_apoderado, celular, correo, id_distrito, direccion, pass, estado) VALUES (80181190, 'Noella', 'Djurisic', '2010-06-03', 78172050, NULL, NULL, 21, '46639 Aberg Hill', 123, 1);
-- 5to 10 (05/15/2009 - 02/28/2010)
INSERT INTO estudiante (dni, nombres, apellidos, fecha_nacimiento, dni_apoderado, celular, correo, id_distrito, direccion, pass, estado) VALUES (79254526, 'Frederica', 'Brader', '2009-06-24', 72819489, 965030921, 'fbrader0@jigsy.com', 24, '3624 Petterle Center', 123, 1);
INSERT INTO estudiante (dni, nombres, apellidos, fecha_nacimiento, dni_apoderado, celular, correo, id_distrito, direccion, pass, estado) VALUES (78636217, 'Ophelia', 'Lovatt', '2010-02-15', 61387618, 973501617, 'olovatt1@icq.com', 39, '7349 Bartillon Parkway', 123, 1);
INSERT INTO estudiante (dni, nombres, apellidos, fecha_nacimiento, dni_apoderado, celular, correo, id_distrito, direccion, pass, estado) VALUES (79385832,'Elijahu', 'Giuditta',  '2009-06-27', 76688326, 953015835, 'gelijahu2@tripadvisor.com', 11, '49651 Evergreen Crossing', 123, 1);
-- 6to 11 (05/15/2008 - 02/28/2009)
INSERT INTO estudiante (dni, nombres, apellidos, fecha_nacimiento, dni_apoderado, celular, correo, id_distrito, direccion, pass, estado) VALUES (78460282, 'Merridie', 'Tomaello', '2008-08-08', 68154650, 992231834, 'mtomaello0@squarespace.com', 39, '879 Spohn Court', 123, 1);
INSERT INTO estudiante (dni, nombres, apellidos, fecha_nacimiento, dni_apoderado, celular, correo, id_distrito, direccion, pass, estado) VALUES (77503592, 'Lori', 'Rhelton', '2009-02-05', 75451730, 951580517, 'lrhelton1@zdnet.com', 27, '4979 Sheridan Court', 123, 1);
INSERT INTO estudiante (dni, nombres, apellidos, fecha_nacimiento, dni_apoderado, celular, correo, id_distrito, direccion, pass, estado) VALUES (77180962, 'Lenora', 'Bootton', '2009-01-31', 42161177, 998498243, 'lbootton2@networkadvertising.org', 4, '36 Orin Center', 123, 1);
-- secundaria (15)
-- 1ro 12 (05/15/2007 - 02/28/2008)
INSERT INTO estudiante (dni, nombres, apellidos, fecha_nacimiento, dni_apoderado, celular, correo, id_distrito, direccion, pass, estado) VALUES (76888040, 'Sallee', 'Lerohan', '2007-06-25', 50297129, 907281511, 'slerohan0@netvibes.com', 43, '63 Porter Street', 123, 1);
INSERT INTO estudiante (dni, nombres, apellidos, fecha_nacimiento, dni_apoderado, celular, correo, id_distrito, direccion, pass, estado) VALUES (77808816, 'Valentine', 'Howitt', '2007-08-22', 42161177, 909005899, 'vhowitt1@guardian.co.uk', 20, '88 Laurel Street', 123, 1);
INSERT INTO estudiante (dni, nombres, apellidos, fecha_nacimiento, dni_apoderado, celular, correo, id_distrito, direccion, pass, estado) VALUES (77670179, 'Ivett', 'Sloane', '2007-11-11', 64469320, 961590299, 'isloane2@slate.com', 6, '61599 Blaine Way', 123, 1);
-- 2do 13 (05/15/2006 - 02/28/2007)
INSERT INTO estudiante (dni, nombres, apellidos, fecha_nacimiento, dni_apoderado, celular, correo, id_distrito, direccion, pass, estado) VALUES (75033935, 'Gill', 'Fessions', '2006-07-07', 73165285, 940918490, 'gfessions0@smugmug.com', 26, '761 Rusk Road', 123, 1);
INSERT INTO estudiante (dni, nombres, apellidos, fecha_nacimiento, dni_apoderado, celular, correo, id_distrito, direccion, pass, estado) VALUES (75319716, 'Danny', 'Clutheram', '2006-08-22', 49301304, 930458410, 'dclutheram1@house.gov', 9, '981 Helena Park', 123, 1);
INSERT INTO estudiante (dni, nombres, apellidos, fecha_nacimiento, dni_apoderado, celular, correo, id_distrito, direccion, pass, estado) VALUES (85465740, 'Yvonne', 'Boule', '2006-10-30', 40032279, 916548885, 'yboule2@walmart.com', 12, '462 Wayridge Center', 123, 1);
-- 3ro 14 (05/15/2005 - 02/28/2006)
INSERT INTO estudiante (dni, nombres, apellidos, fecha_nacimiento, dni_apoderado, celular, correo, id_distrito, direccion, pass, estado) VALUES (35306021, 'Aloisia', 'Strowger', '2005-10-04', 62660244, 953999906, 'astrowger0@xinhuanet.com', 14, '653 Raven Court', 123, 1);
INSERT INTO estudiante (dni, nombres, apellidos, fecha_nacimiento, dni_apoderado, celular, correo, id_distrito, direccion, pass, estado) VALUES (63288837, 'Valina', 'Djurevic', '2005-07-19', 77871811, 912181839, 'vdjurevic1@netvibes.com', 19, '885 Orin Place', 123, 1);
INSERT INTO estudiante (dni, nombres, apellidos, fecha_nacimiento, dni_apoderado, celular, correo, id_distrito, direccion, pass, estado) VALUES (54354117, 'Harmony', 'Patriskson', '2005-06-25', 78172050, 941945637, 'hpatriskson2@is.gd', 26, '8 Northport Center', 123, 1);
 -- 4to 15 (05/15/2004 - 02/28/2005)
INSERT INTO estudiante (dni, nombres, apellidos, fecha_nacimiento, dni_apoderado, celular, correo, id_distrito, direccion, pass, estado) VALUES (78622486, 'Tiertza', 'Toller', '2005-02-24', 59992197, 999569604, 'ttoller0@instagram.com', 8, '97605 Merrick Parkway', 123, 1);
INSERT INTO estudiante (dni, nombres, apellidos, fecha_nacimiento, dni_apoderado, celular, correo, id_distrito, direccion, pass, estado) VALUES (47572136, 'Claudette', 'Pattillo', '2004-09-06', 59338610, 907241389, 'cpattillo1@zimbio.com', 33, '04 Briar Crest Parkway', 123, 1);
INSERT INTO estudiante (dni, nombres, apellidos, fecha_nacimiento, dni_apoderado, celular, correo, id_distrito, direccion, pass, estado) VALUES (67885243, 'Nanice', 'Easbie', '2004-07-01', 42161177, 903585717, 'neasbie2@scientificamerican.com', 7, '67562 Sundown Junction', 123, 1);
-- 5to 16 (05/15/2003 - 02/28/2004)
INSERT INTO estudiante (dni, nombres, apellidos, fecha_nacimiento, dni_apoderado, celular, correo, id_distrito, direccion, pass, estado) VALUES (49934011, 'Gabey', 'MacArd', '2003-10-14', 78651735, 945573734, 'gmacard0@usa.gov', 12, '42 Upham Way', 123, 1);
INSERT INTO estudiante (dni, nombres, apellidos, fecha_nacimiento, dni_apoderado, celular, correo, id_distrito, direccion, pass, estado) VALUES (58829423, 'Fran', 'Zanre', '2004-01-31', 76688326, 930851508, 'fzanre1@deviantart.com', 6, '39015 Veith Place', 123, 1);
INSERT INTO estudiante (dni, nombres, apellidos, fecha_nacimiento, dni_apoderado, celular, correo, id_distrito, direccion, pass, estado) VALUES (36901530, 'Emmalynn', 'Lornsen', '2003-05-19', 43657138, 906157302, 'elornsen2@cdc.gov', 26, '08225 Bayside Parkway', 123, 1);

-- trabajador (10)
-- directora
INSERT INTO trabajador (cargo, nombres, apellidos, dni, fecha_nacimiento, celular, id_distrito, direccion, correo, pass, estado) VALUES ('directora', 'Constantina', 'Wrightam', 32842520, '1986-01-12', 910727483, 7, '79 Loomis Court', 'cwrightam3@craigslist.org', 123, 1);
-- recepcion (3)
INSERT INTO trabajador (cargo, nombres, apellidos, dni, fecha_nacimiento, celular, id_distrito, direccion, correo, pass, estado) VALUES ('recepcionista', 'Damaris', 'Breddy', 28606359, '1963-02-06', 903888102, 17, '092 Manufacturers Crossing', 'dbreddy0@jiathis.com', 123, 1);
INSERT INTO trabajador (cargo, nombres, apellidos, dni, fecha_nacimiento, celular, id_distrito, direccion, correo, pass, estado) VALUES ('recepcionista', 'Noel', 'Mardlin', 21974639, '1983-12-20', 909967406, 32, '06 Birchwood Parkway', 'nmardlin1@goo.ne.jp', 123, 1);
INSERT INTO trabajador (cargo, nombres, apellidos, dni, fecha_nacimiento, celular, id_distrito, direccion, correo, pass, estado) VALUES ('recepcionista', 'Analise', 'Shapero', 38343562, '1986-11-11', 912256458, 16, '19329 Summit Parkway', 'ashapero2@seesaa.net', 123, 1);
-- docente (96)
INSERT INTO trabajador (cargo, nombres, apellidos, dni, fecha_nacimiento, celular, id_distrito, direccion, correo, pass, estado) VALUES ('docente', 'Elizabet', 'Edds', 32580790, '1983-06-11', 909204921, 21, '23 Towne Street', 'eedds4@google.de', 123, 1);
INSERT INTO trabajador (cargo, nombres, apellidos, dni, fecha_nacimiento, celular, id_distrito, direccion, correo, pass, estado) VALUES ('docente', 'Shelley', 'Cookes', 35797777, '1984-05-18', 913342627, 25, '078 Dorton Junction', 'scookes5@cnn.com', 123, 1);
INSERT INTO trabajador (cargo, nombres, apellidos, dni, fecha_nacimiento, celular, id_distrito, direccion, correo, pass, estado) VALUES ('docente', 'Cariotta', 'Kettel', 17980319, '1977-05-11', 901607361, 24, '8 Independence Crossing', 'ckettel6@discuz.net', 123, 1);
INSERT INTO trabajador (cargo, nombres, apellidos, dni, fecha_nacimiento, celular, id_distrito, direccion, correo, pass, estado) VALUES ('docente', 'Delilah', 'Carabine', 27192553, '1965-03-16', 915133327, 37, '50392 Portage Point', 'dcarabine7@amazon.co.uk', 123, 1);
INSERT INTO trabajador (cargo, nombres, apellidos, dni, fecha_nacimiento, celular, id_distrito, direccion, correo, pass, estado) VALUES ('docente', 'Marjorie', 'Ducarne', 29476950, '1981-11-27', 919895048, 35, '91796 Hansons Alley', 'mducarne8@hao123.com', 123, 1);
INSERT INTO trabajador (cargo, nombres, apellidos, dni, fecha_nacimiento, celular, id_distrito, direccion, correo, pass, estado) VALUES ('docente', 'Page', 'Mattersey', 37925158, '1989-04-12', 912388639, 9, '4 Quincy Avenue', 'pmattersey9@cmu.edu', 123, 1);
INSERT INTO trabajador (cargo, nombres, apellidos, dni, fecha_nacimiento, celular, id_distrito, direccion, correo, pass, estado) VALUES ('docente', 'Manfred', 'Dewsbury', 22009633, '1974-03-12', 912243094, 12, '82052 2nd Circle', 'mdewsburya@ed.gov', 123, 1);
INSERT INTO trabajador (cargo, nombres, apellidos, dni, fecha_nacimiento, celular, id_distrito, direccion, correo, pass, estado) VALUES ('docente', 'Chadwick', 'Murden', 16026184, '1983-08-19', 904750754, 36, '365 Paget Park', 'cmurdenb@miibeian.gov.cn', 123, 1);
INSERT INTO trabajador (cargo, nombres, apellidos, dni, fecha_nacimiento, celular, id_distrito, direccion, correo, pass, estado) VALUES ('docente', 'Raffaello', 'Pitchers', 22883352, '1965-09-06', 916574642, 5, '8056 Orin Park', 'rpitchersc@myspace.com', 123, 1);
INSERT INTO trabajador (cargo, nombres, apellidos, dni, fecha_nacimiento, celular, id_distrito, direccion, correo, pass, estado) VALUES ('docente', 'Carleen', 'Ratray', 21338930, '1983-12-22', 913182719, 15, '6999 Stephen Street', 'cratrayd@ezinearticles.com', 123, 1);
INSERT INTO trabajador (cargo, nombres, apellidos, dni, fecha_nacimiento, celular, id_distrito, direccion, correo, pass, estado) VALUES ('docente', 'Armand', 'Dugall', 25620270, '1976-07-10', 910989896, 24, '6269 Eagle Crest Parkway', 'adugalle@nytimes.com', 123, 1);
INSERT INTO trabajador (cargo, nombres, apellidos, dni, fecha_nacimiento, celular, id_distrito, direccion, correo, pass, estado) VALUES ('docente', 'Jamal', 'Runge', 20360247, '1974-09-14', 910323857, 40, '920 Golf Course Terrace', 'jrungef@globo.com', 123, 1);
INSERT INTO trabajador (cargo, nombres, apellidos, dni, fecha_nacimiento, celular, id_distrito, direccion, correo, pass, estado) VALUES ('docente', 'Karol', 'Palfreman', 34905855, '1979-12-25', 912749474, 30, '852 Burrows Junction', 'kpalfremang@domainmarket.com', 123, 1);
INSERT INTO trabajador (cargo, nombres, apellidos, dni, fecha_nacimiento, celular, id_distrito, direccion, correo, pass, estado) VALUES ('docente', 'Katrina', 'Seabridge', 19672800, '1988-03-29', 902244704, 20, '7565 Golf Course Pass', 'kseabridgeh@toplist.cz', 123, 1);
INSERT INTO trabajador (cargo, nombres, apellidos, dni, fecha_nacimiento, celular, id_distrito, direccion, correo, pass, estado) VALUES ('docente', 'Natala', 'Chaplin', 31389920, '1961-09-21', 908419984, 24, '9 Grayhawk Way', 'nchaplini@netscape.com', 123, 1);
INSERT INTO trabajador (cargo, nombres, apellidos, dni, fecha_nacimiento, celular, id_distrito, direccion, correo, pass, estado) VALUES ('docente', 'Aidan', 'Simonson', 10116912, '1983-07-09', 905526316, 6, '5 Pond Hill', 'asimonsonj@google.nl', 123, 1);
INSERT INTO trabajador (cargo, nombres, apellidos, dni, fecha_nacimiento, celular, id_distrito, direccion, correo, pass, estado) VALUES ('docente', 'Ellary', 'Lago', 38173697, '1963-12-18', 905840264, 10, '4490 Arapahoe Park', 'elagok@aol.com', 123, 1);
INSERT INTO trabajador (cargo, nombres, apellidos, dni, fecha_nacimiento, celular, id_distrito, direccion, correo, pass, estado) VALUES ('docente', 'Ekaterina', 'Jado', 38565041, '1972-05-21', 919654746, 24, '887 Oak Crossing', 'ejadol@google.de', 123, 1);
INSERT INTO trabajador (cargo, nombres, apellidos, dni, fecha_nacimiento, celular, id_distrito, direccion, correo, pass, estado) VALUES ('docente', 'Berti', 'Presho', 21425257, '1967-02-27', 913411594, 32, '5573 Monica Pass', 'bpreshom@mtv.com', 123, 1);
INSERT INTO trabajador (cargo, nombres, apellidos, dni, fecha_nacimiento, celular, id_distrito, direccion, correo, pass, estado) VALUES ('docente', 'Mayer', 'Klee', 17955247, '1973-09-14', 909063614, 23, '6414 Pine View Terrace', 'mkleen@discuz.net', 123, 1);
INSERT INTO trabajador (cargo, nombres, apellidos, dni, fecha_nacimiento, celular, id_distrito, direccion, correo, pass, estado) VALUES ('docente', 'Corri', 'Andryushchenko', 33677204, '1970-03-19', 905395801, 30, '86467 Macpherson Circle', 'candryushchenkoo@ucoz.com', 123, 1);
INSERT INTO trabajador (cargo, nombres, apellidos, dni, fecha_nacimiento, celular, id_distrito, direccion, correo, pass, estado) VALUES ('docente', 'Matteo', 'Goodreid', 29776626, '1974-08-05', 912760138, 41, '57780 Orin Point', 'mgoodreidp@xing.com', 123, 1);
INSERT INTO trabajador (cargo, nombres, apellidos, dni, fecha_nacimiento, celular, id_distrito, direccion, correo, pass, estado) VALUES ('docente', 'Wilma', 'Abramamov', 33333248, '1968-11-16', 914888632, 23, '4 Ilene Street', 'wabramamovq@cpanel.net', 123, 1);
INSERT INTO trabajador (cargo, nombres, apellidos, dni, fecha_nacimiento, celular, id_distrito, direccion, correo, pass, estado) VALUES ('docente', 'Eadith', 'Abbitt', 14376000, '1981-08-21', 910850848, 40, '05043 Killdeer Street', 'eabbittr@hibu.com', 123, 1);
INSERT INTO trabajador (cargo, nombres, apellidos, dni, fecha_nacimiento, celular, id_distrito, direccion, correo, pass, estado) VALUES ('docente', 'Clive', 'Cottill', 28121888, '1974-11-20', 906197716, 33, '5005 Darwin Center', 'ccottills@com.com', 123, 1);
INSERT INTO trabajador (cargo, nombres, apellidos, dni, fecha_nacimiento, celular, id_distrito, direccion, correo, pass, estado) VALUES ('docente', 'Guglielmo', 'Paddingdon', 16872571, '1983-02-26', 912405098, 37, '2 Morrow Place', 'gpaddingdont@google.fr', 123, 1);
INSERT INTO trabajador (cargo, nombres, apellidos, dni, fecha_nacimiento, celular, id_distrito, direccion, correo, pass, estado) VALUES ('docente', 'Abram', 'Hurst', 13106460, '1963-08-09', 917462230, 18, '843 John Wall Terrace', 'ahurstu@statcounter.com', 123, 1);
INSERT INTO trabajador (cargo, nombres, apellidos, dni, fecha_nacimiento, celular, id_distrito, direccion, correo, pass, estado) VALUES ('docente', 'Skipp', 'Kunzelmann', 23828196, '1961-08-20', 901985424, 11, '86281 Starling Place', 'skunzelmannv@yolasite.com', 123, 1);
INSERT INTO trabajador (cargo, nombres, apellidos, dni, fecha_nacimiento, celular, id_distrito, direccion, correo, pass, estado) VALUES ('docente', 'Suzie', 'Robert', 31783274, '1965-12-28', 919883716, 25, '26312 Montana Road', 'srobertw@seesaa.net', 123, 1);
INSERT INTO trabajador (cargo, nombres, apellidos, dni, fecha_nacimiento, celular, id_distrito, direccion, correo, pass, estado) VALUES ('docente', 'Ninnette', 'Tysack', 30445515, '1973-07-27', 900212127, 16, '469 Petterle Way', 'ntysackx@wix.com', 123, 1);
INSERT INTO trabajador (cargo, nombres, apellidos, dni, fecha_nacimiento, celular, id_distrito, direccion, correo, pass, estado) VALUES ('docente', 'Yule', 'MacKeogh', 20307106, '1989-01-22', 909376211, 43, '606 Pepper Wood Place', 'ymackeoghy@businessinsider.com', 123, 1);
INSERT INTO trabajador (cargo, nombres, apellidos, dni, fecha_nacimiento, celular, id_distrito, direccion, correo, pass, estado) VALUES ('docente', 'Steward', 'Dudden', 28581568, '1981-04-12', 916166617, 28, '0208 Gulseth Hill', 'sduddenz@google.com', 123, 1);
INSERT INTO trabajador (cargo, nombres, apellidos, dni, fecha_nacimiento, celular, id_distrito, direccion, correo, pass, estado) VALUES ('docente', 'Cosette', 'Marquot', 34914987, '1974-01-16', 911150619, 37, '404 Arizona Avenue', 'cmarquot10@purevolume.com', 123, 1);
INSERT INTO trabajador (cargo, nombres, apellidos, dni, fecha_nacimiento, celular, id_distrito, direccion, correo, pass, estado) VALUES ('docente', 'Libbey', 'Winscomb', 34297561, '1974-03-14', 910840053, 6, '634 Truax Way', 'lwinscomb11@mit.edu', 123, 1);
INSERT INTO trabajador (cargo, nombres, apellidos, dni, fecha_nacimiento, celular, id_distrito, direccion, correo, pass, estado) VALUES ('docente', 'Imelda', 'Tellesson', 23383343, '1974-05-21', 906533826, 34, '70998 Bartillon Parkway', 'itellesson12@wunderground.com', 123, 1);
INSERT INTO trabajador (cargo, nombres, apellidos, dni, fecha_nacimiento, celular, id_distrito, direccion, correo, pass, estado) VALUES ('docente', 'Dolorita', 'Stienton', 18891403, '1978-07-26', 914363994, 30, '5451 Mitchell Avenue', 'dstienton13@pen.io', 123, 1);
INSERT INTO trabajador (cargo, nombres, apellidos, dni, fecha_nacimiento, celular, id_distrito, direccion, correo, pass, estado) VALUES ('docente', 'Wilmette', 'Nunnery', 30057869, '1967-11-02', 913454054, 38, '2 Kennedy Court', 'wnunnery14@mozilla.com', 123, 1);
INSERT INTO trabajador (cargo, nombres, apellidos, dni, fecha_nacimiento, celular, id_distrito, direccion, correo, pass, estado) VALUES ('docente', 'Jeffry', 'Zottoli', 26436621, '1969-05-17', 911893062, 25, '57950 Montana Place', 'jzottoli15@sohu.com', 123, 1);
INSERT INTO trabajador (cargo, nombres, apellidos, dni, fecha_nacimiento, celular, id_distrito, direccion, correo, pass, estado) VALUES ('docente', 'Donnajean', 'Hedden', 25788594, '1990-05-24', 903925200, 11, '18 Starling Hill', 'dhedden16@cisco.com', 123, 1);
INSERT INTO trabajador (cargo, nombres, apellidos, dni, fecha_nacimiento, celular, id_distrito, direccion, correo, pass, estado) VALUES ('docente', 'Tobe', 'Mulliss', 28274961, '1973-07-03', 919651411, 35, '67336 Prentice Park', 'tmulliss17@imageshack.us', 123, 1);
INSERT INTO trabajador (cargo, nombres, apellidos, dni, fecha_nacimiento, celular, id_distrito, direccion, correo, pass, estado) VALUES ('docente', 'Mag', 'Spiteri', 14875899, '1976-01-18', 919312799, 24, '106 Westend Alley', 'mspiteri18@alibaba.com', 123, 1);
INSERT INTO trabajador (cargo, nombres, apellidos, dni, fecha_nacimiento, celular, id_distrito, direccion, correo, pass, estado) VALUES ('docente', 'Melony', 'Shrimpling', 13514804, '1986-07-21', 915310206, 32, '9 Lighthouse Bay Road', 'mshrimpling19@wikimedia.org', 123, 1);
INSERT INTO trabajador (cargo, nombres, apellidos, dni, fecha_nacimiento, celular, id_distrito, direccion, correo, pass, estado) VALUES ('docente', 'Borden', 'Cords', 36571681, '1980-02-16', 915583611, 19, '6 Claremont Street', 'bcords1a@edublogs.org', 123, 1);
INSERT INTO trabajador (cargo, nombres, apellidos, dni, fecha_nacimiento, celular, id_distrito, direccion, correo, pass, estado) VALUES ('docente', 'Andreas', 'Elphinston', 22311256, '1965-03-30', 909977308, 13, '8376 Rutledge Lane', 'aelphinston1b@360.cn', 123, 1);
INSERT INTO trabajador (cargo, nombres, apellidos, dni, fecha_nacimiento, celular, id_distrito, direccion, correo, pass, estado) VALUES ('docente', 'Casie', 'Dreier', 17573969, '1978-05-15', 910538368, 10, '72 Del Sol Junction', 'cdreier1c@blinklist.com', 123, 1);
INSERT INTO trabajador (cargo, nombres, apellidos, dni, fecha_nacimiento, celular, id_distrito, direccion, correo, pass, estado) VALUES ('docente', 'Shir', 'Eldrett', 15900584, '1960-06-18', 914126383, 28, '1 Anniversary Circle', 'seldrett1d@infoseek.co.jp', 123, 1);
INSERT INTO trabajador (cargo, nombres, apellidos, dni, fecha_nacimiento, celular, id_distrito, direccion, correo, pass, estado) VALUES ('docente', 'Starlin', 'Tinsley', 34529853, '1981-12-10', 916610803, 21, '736 Anthes Hill', 'stinsley1e@woothemes.com', 123, 1);
INSERT INTO trabajador (cargo, nombres, apellidos, dni, fecha_nacimiento, celular, id_distrito, direccion, correo, pass, estado) VALUES ('docente', 'Wallache', 'Hickford', 14346159, '1978-04-09', 916737210, 37, '31 Spenser Parkway', 'whickford1f@fema.gov', 123, 1);
INSERT INTO trabajador (cargo, nombres, apellidos, dni, fecha_nacimiento, celular, id_distrito, direccion, correo, pass, estado) VALUES ('docente', 'Pip', 'Costain', 32170930, '1979-07-17', 912259493, 5, '24922 Barby Lane', 'pcostain1g@mediafire.com', 123, 1);
INSERT INTO trabajador (cargo, nombres, apellidos, dni, fecha_nacimiento, celular, id_distrito, direccion, correo, pass, estado) VALUES ('docente', 'Jessee', 'Miall', 22524540, '1980-11-14', 913357936, 17, '9568 Memorial Road', 'jmiall1h@mail.ru', 123, 1);
INSERT INTO trabajador (cargo, nombres, apellidos, dni, fecha_nacimiento, celular, id_distrito, direccion, correo, pass, estado) VALUES ('docente', 'Sherie', 'Totton', 33467926, '1978-06-03', 910181417, 11, '87 Kedzie Lane', 'stotton1i@1688.com', 123, 1);
INSERT INTO trabajador (cargo, nombres, apellidos, dni, fecha_nacimiento, celular, id_distrito, direccion, correo, pass, estado) VALUES ('docente', 'Godart', 'Lessmare', 32502633, '1986-11-06', 909762828, 14, '48 Mcbride Circle', 'glessmare1j@biglobe.ne.jp', 123, 1);
INSERT INTO trabajador (cargo, nombres, apellidos, dni, fecha_nacimiento, celular, id_distrito, direccion, correo, pass, estado) VALUES ('docente', 'Karel', 'Gertz', 35611645, '1960-11-15', 912505268, 34, '30 Goodland Road', 'kgertz1k@techcrunch.com', 123, 1);
INSERT INTO trabajador (cargo, nombres, apellidos, dni, fecha_nacimiento, celular, id_distrito, direccion, correo, pass, estado) VALUES ('docente', 'Annecorinne', 'Storek', 30918866, '1966-06-15', 900888075, 6, '6416 Dakota Crossing', 'astorek1l@list-manage.com', 123, 1);
INSERT INTO trabajador (cargo, nombres, apellidos, dni, fecha_nacimiento, celular, id_distrito, direccion, correo, pass, estado) VALUES ('docente', 'Pollyanna', 'Louth', 20924834, '1979-12-10', 916655392, 9, '1014 5th Point', 'plouth1m@dot.gov', 123, 1);
INSERT INTO trabajador (cargo, nombres, apellidos, dni, fecha_nacimiento, celular, id_distrito, direccion, correo, pass, estado) VALUES ('docente', 'Joletta', 'Callendar', 13181382, '1982-02-26', 911423267, 15, '9291 Di Loreto Plaza', 'jcallendar1n@buzzfeed.com', 123, 1);
INSERT INTO trabajador (cargo, nombres, apellidos, dni, fecha_nacimiento, celular, id_distrito, direccion, correo, pass, estado) VALUES ('docente', 'Celine', 'Abramovicz', 35713165, '1971-12-26', 919191728, 40, '32 Prairieview Lane', 'cabramovicz1o@multiply.com', 123, 1);
INSERT INTO trabajador (cargo, nombres, apellidos, dni, fecha_nacimiento, celular, id_distrito, direccion, correo, pass, estado) VALUES ('docente', 'Derby', 'Chetham', 14490220, '1978-10-15', 902820619, 26, '360 Loeprich Crossing', 'dchetham1p@chicagotribune.com', 123, 1);
INSERT INTO trabajador (cargo, nombres, apellidos, dni, fecha_nacimiento, celular, id_distrito, direccion, correo, pass, estado) VALUES ('docente', 'Bowie', 'Josovich', 14635340, '1972-12-20', 916667872, 9, '0384 New Castle Parkway', 'bjosovich1q@tmall.com', 123, 1);
INSERT INTO trabajador (cargo, nombres, apellidos, dni, fecha_nacimiento, celular, id_distrito, direccion, correo, pass, estado) VALUES ('docente', 'Lizzie', 'Dykes', 32217543, '1980-08-30', 918161988, 15, '93 Brown Lane', 'ldykes1r@flickr.com', 123, 1);
INSERT INTO trabajador (cargo, nombres, apellidos, dni, fecha_nacimiento, celular, id_distrito, direccion, correo, pass, estado) VALUES ('docente', 'Chrissie', 'Teissier', 31072357, '1968-04-18', 907889443, 9, '134 Elmside Point', 'cteissier1s@unc.edu', 123, 1);
INSERT INTO trabajador (cargo, nombres, apellidos, dni, fecha_nacimiento, celular, id_distrito, direccion, correo, pass, estado) VALUES ('docente', 'Dorris', 'Kyngdon', 17381782, '1981-04-05', 914548277, 43, '3 Cody Pass', 'dkyngdon1t@surveymonkey.com', 123, 1);
INSERT INTO trabajador (cargo, nombres, apellidos, dni, fecha_nacimiento, celular, id_distrito, direccion, correo, pass, estado) VALUES ('docente', 'Bryon', 'Hudleston', 36888361, '1970-02-08', 919455486, 37, '2 Toban Street', 'bhudleston1u@domainmarket.com', 123, 1);
INSERT INTO trabajador (cargo, nombres, apellidos, dni, fecha_nacimiento, celular, id_distrito, direccion, correo, pass, estado) VALUES ('docente', 'Ignatius', 'Espasa', 25756602, '1989-12-15', 914046001, 31, '479 Cardinal Lane', 'iespasa1v@google.com', 123, 1);
INSERT INTO trabajador (cargo, nombres, apellidos, dni, fecha_nacimiento, celular, id_distrito, direccion, correo, pass, estado) VALUES ('docente', 'Antonia', 'Huffer', 31246866, '1976-08-04', 915336949, 33, '94 Maywood Lane', 'ahuffer1w@amazon.co.jp', 123, 1);
INSERT INTO trabajador (cargo, nombres, apellidos, dni, fecha_nacimiento, celular, id_distrito, direccion, correo, pass, estado) VALUES ('docente', 'Bradan', 'Presho', 17259574, '1964-10-19', 903909129, 8, '660 Barnett Junction', 'bpresho1x@shop-pro.jp', 123, 1);
INSERT INTO trabajador (cargo, nombres, apellidos, dni, fecha_nacimiento, celular, id_distrito, direccion, correo, pass, estado) VALUES ('docente', 'Diannne', 'Paulmann', 34971376, '1977-11-08', 909764696, 31, '6638 Algoma Terrace', 'dpaulmann1y@ca.gov', 123, 1);
INSERT INTO trabajador (cargo, nombres, apellidos, dni, fecha_nacimiento, celular, id_distrito, direccion, correo, pass, estado) VALUES ('docente', 'Christabel', 'Tasker', 19043790, '1983-02-03', 903575576, 37, '669 Fulton Crossing', 'ctasker1z@ucoz.com', 123, 1);
INSERT INTO trabajador (cargo, nombres, apellidos, dni, fecha_nacimiento, celular, id_distrito, direccion, correo, pass, estado) VALUES ('docente', 'Ketti', 'Glynne', 27771946, '1985-12-31', 913360736, 26, '566 Granby Pass', 'kglynne20@ca.gov', 123, 1);
INSERT INTO trabajador (cargo, nombres, apellidos, dni, fecha_nacimiento, celular, id_distrito, direccion, correo, pass, estado) VALUES ('docente', 'Annmarie', 'Brokenbrow', 18387223, '1962-05-04', 904884280, 42, '8 Prentice Alley', 'abrokenbrow21@feedburner.com', 123, 1);
INSERT INTO trabajador (cargo, nombres, apellidos, dni, fecha_nacimiento, celular, id_distrito, direccion, correo, pass, estado) VALUES ('docente', 'Verile', 'Cowx', 30671234, '1979-06-11', 906245643, 21, '70929 Center Plaza', 'vcowx22@google.it', 123, 1);
INSERT INTO trabajador (cargo, nombres, apellidos, dni, fecha_nacimiento, celular, id_distrito, direccion, correo, pass, estado) VALUES ('docente', 'Silvia', 'Schrir', 38792081, '1977-05-29', 914337449, 13, '8747 Laurel Street', 'sschrir23@t-online.de', 123, 1);
INSERT INTO trabajador (cargo, nombres, apellidos, dni, fecha_nacimiento, celular, id_distrito, direccion, correo, pass, estado) VALUES ('docente', 'Padget', 'McQuaide', 25472166, '1966-07-03', 918343137, 37, '2 Orin Park', 'pmcquaide24@yale.edu', 123, 1);
INSERT INTO trabajador (cargo, nombres, apellidos, dni, fecha_nacimiento, celular, id_distrito, direccion, correo, pass, estado) VALUES ('docente', 'Pate', 'Meachem', 35619045, '1981-05-16', 908417789, 33, '90053 Gulseth Circle', 'pmeachem25@state.tx.us', 123, 1);
INSERT INTO trabajador (cargo, nombres, apellidos, dni, fecha_nacimiento, celular, id_distrito, direccion, correo, pass, estado) VALUES ('docente', 'Marion', 'Fundell', 10237014, '1965-02-06', 908823573, 24, '57627 Heffernan Park', 'mfundell26@google.cn', 123, 1);
INSERT INTO trabajador (cargo, nombres, apellidos, dni, fecha_nacimiento, celular, id_distrito, direccion, correo, pass, estado) VALUES ('docente', 'Hal', 'McSherry', 18328203, '1979-08-18', 907370394, 6, '7 Granby Park', 'hmcsherry27@altervista.org', 123, 1);
INSERT INTO trabajador (cargo, nombres, apellidos, dni, fecha_nacimiento, celular, id_distrito, direccion, correo, pass, estado) VALUES ('docente', 'Edmon', 'Blampey', 28542226, '1967-09-29', 902360986, 12, '05979 Saint Paul Drive', 'eblampey28@phoca.cz', 123, 1);
INSERT INTO trabajador (cargo, nombres, apellidos, dni, fecha_nacimiento, celular, id_distrito, direccion, correo, pass, estado) VALUES ('docente', 'Candide', 'Siegertsz', 15436990, '1983-04-14', 909192355, 6, '0 Ridge Oak Drive', 'csiegertsz29@histats.com', 123, 1);
INSERT INTO trabajador (cargo, nombres, apellidos, dni, fecha_nacimiento, celular, id_distrito, direccion, correo, pass, estado) VALUES ('docente', 'Leda', 'Askew', 37585237, '1971-02-10', 903120275, 37, '04253 Manitowish Way', 'laskew2a@nature.com', 123, 1);
INSERT INTO trabajador (cargo, nombres, apellidos, dni, fecha_nacimiento, celular, id_distrito, direccion, correo, pass, estado) VALUES ('docente', 'Deni', 'Payton', 31253636, '1990-07-16', 909216522, 9, '463 Merchant Crossing', 'dpayton2b@biglobe.ne.jp', 123, 1);
INSERT INTO trabajador (cargo, nombres, apellidos, dni, fecha_nacimiento, celular, id_distrito, direccion, correo, pass, estado) VALUES ('docente', 'Martyn', 'Messenger', 34816366, '1966-11-24', 905549799, 38, '058 Sunnyside Pass', 'mmessenger2c@aboutads.info', 123, 1);
INSERT INTO trabajador (cargo, nombres, apellidos, dni, fecha_nacimiento, celular, id_distrito, direccion, correo, pass, estado) VALUES ('docente', 'Elliott', 'Giffkins', 37642027, '1970-11-30', 917002862, 34, '537 Sommers Terrace', 'egiffkins2d@merriam-webster.com', 123, 1);
INSERT INTO trabajador (cargo, nombres, apellidos, dni, fecha_nacimiento, celular, id_distrito, direccion, correo, pass, estado) VALUES ('docente', 'Nil', 'Brand-Hardy', 23258269, '1967-07-26', 907537947, 1, '2502 Scott Trail', 'nbrandhardy2e@barnesandnoble.com', 123, 1);
INSERT INTO trabajador (cargo, nombres, apellidos, dni, fecha_nacimiento, celular, id_distrito, direccion, correo, pass, estado) VALUES ('docente', 'Darb', 'Younge', 39866466, '1977-02-11', 909736166, 35, '7793 Dexter Circle', 'dyounge2f@aboutads.info', 123, 1);
INSERT INTO trabajador (cargo, nombres, apellidos, dni, fecha_nacimiento, celular, id_distrito, direccion, correo, pass, estado) VALUES ('docente', 'Barth', 'Mateiko', 18999571, '1961-10-28', 907228684, 22, '4105 Birchwood Terrace', 'bmateiko2g@shutterfly.com', 123, 1);
INSERT INTO trabajador (cargo, nombres, apellidos, dni, fecha_nacimiento, celular, id_distrito, direccion, correo, pass, estado) VALUES ('docente', 'Rae', 'Pennino', 14205448, '1968-03-21', 917363234, 14, '5868 Thierer Drive', 'rpennino2h@cdbaby.com', 123, 1);
INSERT INTO trabajador (cargo, nombres, apellidos, dni, fecha_nacimiento, celular, id_distrito, direccion, correo, pass, estado) VALUES ('docente', 'Kristo', 'Sinnocke', 33924458, '1967-02-08', 915602274, 23, '23 Hauk Trail', 'ksinnocke2i@freewebs.com', 123, 1);
INSERT INTO trabajador (cargo, nombres, apellidos, dni, fecha_nacimiento, celular, id_distrito, direccion, correo, pass, estado) VALUES ('docente', 'Liana', 'Buckby', 12525553, '1973-03-08', 913436045, 9, '402 Express Avenue', 'lbuckby2j@opensource.org', 123, 1);
INSERT INTO trabajador (cargo, nombres, apellidos, dni, fecha_nacimiento, celular, id_distrito, direccion, correo, pass, estado) VALUES ('docente', 'Elnore', 'Bolesworth', 12706792, '1970-04-22', 913355539, 9, '69633 Armistice Circle', 'ebolesworth2k@google.com.br', 123, 1);
INSERT INTO trabajador (cargo, nombres, apellidos, dni, fecha_nacimiento, celular, id_distrito, direccion, correo, pass, estado) VALUES ('docente', 'Neill', 'Clohissy', 38655219, '1963-07-07', 911544681, 8, '6031 La Follette Drive', 'nclohissy2l@friendfeed.com', 123, 1);
INSERT INTO trabajador (cargo, nombres, apellidos, dni, fecha_nacimiento, celular, id_distrito, direccion, correo, pass, estado) VALUES ('docente', 'Marjory', 'Humbee', 23239236, '1977-05-01', 915521381, 33, '952 Lake View Street', 'mhumbee2m@ed.gov', 123, 1);
INSERT INTO trabajador (cargo, nombres, apellidos, dni, fecha_nacimiento, celular, id_distrito, direccion, correo, pass, estado) VALUES ('docente', 'Claiborn', 'Howlings', 38670195, '1963-09-06', 901086885, 8, '20851 Sheridan Lane', 'chowlings2n@weibo.com', 123, 1);
INSERT INTO trabajador (cargo, nombres, apellidos, dni, fecha_nacimiento, celular, id_distrito, direccion, correo, pass, estado) VALUES ('docente', 'Zoe', 'Edmonstone', 31227967, '1962-03-13', 914558008, 38, '042 Mendota Trail', 'zedmonstone2o@woothemes.com', 123, 1);
INSERT INTO trabajador (cargo, nombres, apellidos, dni, fecha_nacimiento, celular, id_distrito, direccion, correo, pass, estado) VALUES ('docente', 'Wenona', 'Wormell', 17502979, '1969-06-11', 916450619, 22, '84 Bellgrove Plaza', 'wwormell2p@redcross.org', 123, 1);
INSERT INTO trabajador (cargo, nombres, apellidos, dni, fecha_nacimiento, celular, id_distrito, direccion, correo, pass, estado) VALUES ('docente', 'Evyn', 'Cramphorn', 20788690, '1985-03-18', 905659745, 13, '843 Schurz Road', 'ecramphorn2q@go.com', 123, 1);
INSERT INTO trabajador (cargo, nombres, apellidos, dni, fecha_nacimiento, celular, id_distrito, direccion, correo, pass, estado) VALUES ('docente', 'Sharline', 'Gheorghescu', 30148787, '1968-08-11', 903041017, 35, '96065 Springs Park', 'sgheorghescu2r@dot.gov', 123, 1);

-- nivel (3)
INSERT INTO nivel (nombre) VALUES ('inicial');
INSERT INTO nivel (nombre) VALUES ('primaria');
INSERT INTO nivel (nombre) VALUES ('secundaria');

-- grado (14)
-- inicial (3)
-- A
INSERT INTO grado (nombre, id_nivel) VALUES ('3 años', 1);
INSERT INTO grado (nombre, id_nivel) VALUES ('4 años', 1);
INSERT INTO grado (nombre, id_nivel) VALUES ('5 años', 1);
 -- primaria (6)
INSERT INTO grado (nombre, id_nivel) VALUES ('1ro', 2);
INSERT INTO grado (nombre, id_nivel) VALUES ('2do', 2);
INSERT INTO grado (nombre, id_nivel) VALUES ('3ro', 2);
INSERT INTO grado (nombre, id_nivel) VALUES ('4to', 2);
INSERT INTO grado (nombre, id_nivel) VALUES ('5to', 2);
INSERT INTO grado (nombre, id_nivel) VALUES ('6to', 2);
 -- secundaria (5)
INSERT INTO grado (nombre, id_nivel) VALUES ('1ro', 3);
INSERT INTO grado (nombre, id_nivel) VALUES ('2do', 3);
INSERT INTO grado (nombre, id_nivel) VALUES ('3ro', 3);
INSERT INTO grado (nombre, id_nivel) VALUES ('4to', 3);
INSERT INTO grado (nombre, id_nivel) VALUES ('5to', 3);
 
-- seccion (42)
-- inicial
-- A
INSERT INTO seccion (nombre, n_estudiantes, id_grado) VALUES ('A', 1, 1);
INSERT INTO seccion (nombre, n_estudiantes, id_grado) VALUES ('A', 1, 2);
INSERT INTO seccion (nombre, n_estudiantes, id_grado) VALUES ('A', 1, 3);
-- B
INSERT INTO seccion (nombre, n_estudiantes, id_grado) VALUES ('B', 1, 1);
INSERT INTO seccion (nombre, n_estudiantes, id_grado) VALUES ('B', 1, 2);
INSERT INTO seccion (nombre, n_estudiantes, id_grado) VALUES ('B', 1, 3);
-- C
INSERT INTO seccion (nombre, n_estudiantes, id_grado) VALUES ('C', 1, 1);
INSERT INTO seccion (nombre, n_estudiantes, id_grado) VALUES ('C', 1, 2);
INSERT INTO seccion (nombre, n_estudiantes, id_grado) VALUES ('C', 1, 3);
		
-- primaria
-- A
INSERT INTO seccion (nombre, n_estudiantes, id_grado) VALUES ('A', 1, 4);
INSERT INTO seccion (nombre, n_estudiantes, id_grado) VALUES ('A', 1, 5);
INSERT INTO seccion (nombre, n_estudiantes, id_grado) VALUES ('A', 1, 6);
INSERT INTO seccion (nombre, n_estudiantes, id_grado) VALUES ('A', 1, 7);
INSERT INTO seccion (nombre, n_estudiantes, id_grado) VALUES ('A', 1, 8);
INSERT INTO seccion (nombre, n_estudiantes, id_grado) VALUES ('A', 1, 9);
-- B
INSERT INTO seccion (nombre, n_estudiantes, id_grado) VALUES ('B', 1, 4);
INSERT INTO seccion (nombre, n_estudiantes, id_grado) VALUES ('B', 1, 5);
INSERT INTO seccion (nombre, n_estudiantes, id_grado) VALUES ('B', 1, 6);
INSERT INTO seccion (nombre, n_estudiantes, id_grado) VALUES ('B', 1, 7);
INSERT INTO seccion (nombre, n_estudiantes, id_grado) VALUES ('B', 1, 8);
INSERT INTO seccion (nombre, n_estudiantes, id_grado) VALUES ('B', 1, 9);
-- C
INSERT INTO seccion (nombre, n_estudiantes, id_grado) VALUES ('C', 1, 4);
INSERT INTO seccion (nombre, n_estudiantes, id_grado) VALUES ('C', 1, 5);
INSERT INTO seccion (nombre, n_estudiantes, id_grado) VALUES ('C', 1, 6);
INSERT INTO seccion (nombre, n_estudiantes, id_grado) VALUES ('C', 1, 7);
INSERT INTO seccion (nombre, n_estudiantes, id_grado) VALUES ('C', 1, 8);
INSERT INTO seccion (nombre, n_estudiantes, id_grado) VALUES ('C', 1, 9);
-- secundaria
-- A
INSERT INTO seccion (nombre, n_estudiantes, id_grado) VALUES ('A', 1, 10);
INSERT INTO seccion (nombre, n_estudiantes, id_grado) VALUES ('A', 1, 11);
INSERT INTO seccion (nombre, n_estudiantes, id_grado) VALUES ('A', 1, 12);
INSERT INTO seccion (nombre, n_estudiantes, id_grado) VALUES ('A', 1, 13);
INSERT INTO seccion (nombre, n_estudiantes, id_grado) VALUES ('A', 1, 14);
-- B
INSERT INTO seccion (nombre, n_estudiantes, id_grado) VALUES ('B', 1, 10);
INSERT INTO seccion (nombre, n_estudiantes, id_grado) VALUES ('B', 1, 11);
INSERT INTO seccion (nombre, n_estudiantes, id_grado) VALUES ('B', 1, 12);
INSERT INTO seccion (nombre, n_estudiantes, id_grado) VALUES ('B', 1, 13);
INSERT INTO seccion (nombre, n_estudiantes, id_grado) VALUES ('B', 1, 14);
-- C
INSERT INTO seccion (nombre, n_estudiantes, id_grado) VALUES ('C', 1, 10);
INSERT INTO seccion (nombre, n_estudiantes, id_grado) VALUES ('C', 1, 11);
INSERT INTO seccion (nombre, n_estudiantes, id_grado) VALUES ('C', 1, 12);
INSERT INTO seccion (nombre, n_estudiantes, id_grado) VALUES ('C', 1, 13);
INSERT INTO seccion (nombre, n_estudiantes, id_grado) VALUES ('C', 1, 14);

-- matricula (42)
-- inicial (9)
insert into matricula (fecha, nivel, grado, dni_estudiante, id_seccion, id_trabajador) values ('2020-02-25 22:12:34', 1, 1, 85325837, 1, 3);
insert into matricula (fecha, nivel, grado, dni_estudiante, id_seccion, id_trabajador) values ('2020-02-24 09:08:54', 1, 2, 79983677, 2, 2);
insert into matricula (fecha, nivel, grado, dni_estudiante, id_seccion, id_trabajador) values ('2020-02-23 15:53:04', 1, 3, 77180962, 3, 2);
insert into matricula (fecha, nivel, grado, dni_estudiante, id_seccion, id_trabajador) values ('2020-02-10 19:16:03', 1, 1, 81208197, 4, 2);
insert into matricula (fecha, nivel, grado, dni_estudiante, id_seccion, id_trabajador) values ('2020-02-04 23:58:17', 1, 2, 98304976, 5, 2);
insert into matricula (fecha, nivel, grado, dni_estudiante, id_seccion, id_trabajador) values ('2020-01-16 02:33:18', 1, 3, 82685319, 6, 2);
insert into matricula (fecha, nivel, grado, dni_estudiante, id_seccion, id_trabajador) values ('2020-03-19 13:14:52', 1, 1, 58829423, 7, 3);
insert into matricula (fecha, nivel, grado, dni_estudiante, id_seccion, id_trabajador) values ('2020-02-19 06:49:56', 1, 2, 77670179, 8, 3);
insert into matricula (fecha, nivel, grado, dni_estudiante, id_seccion, id_trabajador) values ('2020-01-28 13:21:08', 1, 3, 67885243, 9, 3);
 -- primaria (18)
insert into matricula (fecha, nivel, grado, dni_estudiante, id_seccion, id_trabajador) values ('2020-02-12 15:32:03', 2, 4, 86647513, 10, 3);
insert into matricula (fecha, nivel, grado, dni_estudiante, id_seccion, id_trabajador) values ('2020-02-19 08:42:15', 2, 5, 78622486, 11, 2);
insert into matricula (fecha, nivel, grado, dni_estudiante, id_seccion, id_trabajador) values ('2020-02-05 21:58:47', 2, 6, 75319716, 12, 3);
insert into matricula (fecha, nivel, grado, dni_estudiante, id_seccion, id_trabajador) values ('2020-02-22 22:51:53', 2, 7, 88138260, 13, 2);
insert into matricula (fecha, nivel, grado, dni_estudiante, id_seccion, id_trabajador) values ('2020-02-16 09:55:25', 2, 8, 83867662, 14, 2);
insert into matricula (fecha, nivel, grado, dni_estudiante, id_seccion, id_trabajador) values ('2020-03-05 02:39:20', 2, 9, 79385832, 15, 2);
insert into matricula (fecha, nivel, grado, dni_estudiante, id_seccion, id_trabajador) values ('2020-02-19 15:58:59', 2, 4, 83010782, 16, 2);
insert into matricula (fecha, nivel, grado, dni_estudiante, id_seccion, id_trabajador) values ('2020-03-21 09:23:17', 2, 5, 49934011, 17, 3);
insert into matricula (fecha, nivel, grado, dni_estudiante, id_seccion, id_trabajador) values ('2020-03-29 11:38:47', 2, 6, 85465740, 18, 3);
insert into matricula (fecha, nivel, grado, dni_estudiante, id_seccion, id_trabajador) values ('2020-03-08 20:59:53', 2, 7, 35306021, 19, 3);
insert into matricula (fecha, nivel, grado, dni_estudiante, id_seccion, id_trabajador) values ('2020-03-22 10:57:35', 2, 8, 63288837, 20, 3);
insert into matricula (fecha, nivel, grado, dni_estudiante, id_seccion, id_trabajador) values ('2020-02-11 17:35:47', 2, 9, 86506485, 21, 3);
insert into matricula (fecha, nivel, grado, dni_estudiante, id_seccion, id_trabajador) values ('2020-03-11 23:16:27', 2, 4, 77808816, 22, 2);
insert into matricula (fecha, nivel, grado, dni_estudiante, id_seccion, id_trabajador) values ('2020-03-18 20:23:25', 2, 5, 80181190, 23, 3);
insert into matricula (fecha, nivel, grado, dni_estudiante, id_seccion, id_trabajador) values ('2020-01-17 02:53:52', 2, 6, 80349962, 24, 2);
insert into matricula (fecha, nivel, grado, dni_estudiante, id_seccion, id_trabajador) values ('2020-01-21 22:48:45', 2, 7, 79254526, 25, 3);
insert into matricula (fecha, nivel, grado, dni_estudiante, id_seccion, id_trabajador) values ('2020-02-26 23:57:58', 2, 8, 36901530, 26, 3);
insert into matricula (fecha, nivel, grado, dni_estudiante, id_seccion, id_trabajador) values ('2020-03-12 14:43:36', 2, 9, 54354117, 27, 3);
 -- secundaria (15)
insert into matricula (fecha, nivel, grado, dni_estudiante, id_seccion, id_trabajador) values ('2020-03-03 07:13:48', 3, 10, 75033935, 28, 2);
insert into matricula (fecha, nivel, grado, dni_estudiante, id_seccion, id_trabajador) values ('2020-03-30 13:52:08', 3, 11, 77503592, 29, 2);
insert into matricula (fecha, nivel, grado, dni_estudiante, id_seccion, id_trabajador) values ('2020-03-30 01:30:52', 3, 12, 83553013, 30, 2);
insert into matricula (fecha, nivel, grado, dni_estudiante, id_seccion, id_trabajador) values ('2020-02-12 08:46:26', 3, 13, 84525197, 31, 2);
--
-- marticulas de la alumna 87341016
-- 2020 - 5to A
insert into matricula (fecha, nivel, grado, dni_estudiante, id_seccion, id_trabajador) values ('2020-03-27 00:21:02', 3, 14, 87341016, 32, 3);
-- 2019 - 4to A 
insert into matricula (fecha, nivel, grado, dni_estudiante, id_seccion, id_trabajador) values ('2019-03-27 00:21:02', 3, 13, 87341016, 31, 3);
--
insert into matricula (fecha, nivel, grado, dni_estudiante, id_seccion, id_trabajador) values ('2020-01-16 09:37:29', 3, 10, 47572136, 33, 2);
insert into matricula (fecha, nivel, grado, dni_estudiante, id_seccion, id_trabajador) values ('2020-01-24 09:23:57', 3, 11, 83809323, 34, 3);
insert into matricula (fecha, nivel, grado, dni_estudiante, id_seccion, id_trabajador) values ('2020-02-13 05:03:15', 3, 12, 86423307, 35, 2);
insert into matricula (fecha, nivel, grado, dni_estudiante, id_seccion, id_trabajador) values ('2020-02-11 05:28:51', 3, 13, 78460282, 36, 2);
insert into matricula (fecha, nivel, grado, dni_estudiante, id_seccion, id_trabajador) values ('2020-02-02 16:06:16', 3, 14, 78636217, 37, 3);
insert into matricula (fecha, nivel, grado, dni_estudiante, id_seccion, id_trabajador) values ('2020-02-20 19:09:47', 3, 10, 81526804, 38, 2);
insert into matricula (fecha, nivel, grado, dni_estudiante, id_seccion, id_trabajador) values ('2020-03-29 19:09:24', 3, 11, 84111546, 39, 2);
insert into matricula (fecha, nivel, grado, dni_estudiante, id_seccion, id_trabajador) values ('2020-03-02 11:39:58', 3, 12, 85344568, 40, 2);
insert into matricula (fecha, nivel, grado, dni_estudiante, id_seccion, id_trabajador) values ('2020-03-07 11:29:12', 3, 13, 76888040, 41, 2);
insert into matricula (fecha, nivel, grado, dni_estudiante, id_seccion, id_trabajador) values ('2020-01-25 21:00:38', 3, 14, 85668049, 42, 3);

-- curso (26)
-- inicial (6) http://www.minedu.gob.pe/curriculo/pdf/programa-curricular-educacion-inicial.pdf
INSERT INTO curso (nombre, descripcion) VALUES ('PERSONAL SOCIAL','1');
INSERT INTO curso (nombre, descripcion) VALUES ('PSICOMOTRIZ','2');
INSERT INTO curso (nombre, descripcion) VALUES ('COMUNICACIÓN','3');
INSERT INTO curso (nombre, descripcion) VALUES ('DESCUBRIMIENTO DEL MUNDO','4');
INSERT INTO curso (nombre, descripcion) VALUES ('MATEMÁTICA','5');
INSERT INTO curso (nombre, descripcion) VALUES ('CIENCIA Y TECNOLOGÍA','6');
 
-- primaria (8) http://www.minedu.gob.pe/curriculo/pdf/programa-nivel-primaria-ebr.pdf
INSERT INTO curso (nombre, descripcion) VALUES ('PERSONAL SOCIAL', '7');
INSERT INTO curso (nombre, descripcion) VALUES ('EDUCACIÓN FÍSICA',	'8');
INSERT INTO curso (nombre, descripcion) VALUES ('COMUNICACIÓN', '9');
INSERT INTO curso (nombre, descripcion) VALUES ('ARTE Y CULTURA', '10');
INSERT INTO curso (nombre, descripcion) VALUES ('INGLÉS', '11');
INSERT INTO curso (nombre, descripcion) VALUES ('MATEMÁTICA', '12');
INSERT INTO curso (nombre, descripcion) VALUES ('CIENCIA Y TECNOLOGÍA', '13');
INSERT INTO curso (nombre, descripcion) VALUES ('RELIGIÓN', '14');
	
-- secundaria (12) http://www.minedu.gob.pe/curriculo/pdf/03062016-programa-nivel-secundaria-ebr.pdf
INSERT INTO curso (nombre, descripcion) VALUES ('MATEMÁTICA','15');
INSERT INTO curso (nombre, descripcion) VALUES ('COMUNICACIÓN','16');
INSERT INTO curso (nombre, descripcion) VALUES ('CIENCIA TECNOLOGÍA Y AMBIENTE','17');
INSERT INTO curso (nombre, descripcion) VALUES ('RELIGIÓN','18');
INSERT INTO curso (nombre, descripcion) VALUES ('RELACIONES HUMANAS','19');
INSERT INTO curso (nombre, descripcion) VALUES ('FORMACIÓN CIUDADANA','20');
INSERT INTO curso (nombre, descripcion) VALUES ('HISTORIA','21');
INSERT INTO curso (nombre, descripcion) VALUES ('EDUCACIÓN FÍSICA','22');
INSERT INTO curso (nombre, descripcion) VALUES ('COMPUTACIÓN','23');
INSERT INTO curso (nombre, descripcion) VALUES ('ARTE','24');
INSERT INTO curso (nombre, descripcion) VALUES ('INGLÉS','25');
INSERT INTO curso (nombre, descripcion) VALUES ('EDUCACIÓN PARA EL TRABAJO','26');
 /*
-- cursos más específicos que creo no se tomarán en cuenta
    INSERT into curso (nombre, descripcion) values ('GEOGRAFÍA','');
    INSERT into curso (nombre, descripcion) values ('LENGUAJE','');
    INSERT into curso (nombre, descripcion) values ('LITERATURA','5');	
    INSERT into curso (nombre, descripcion) values ('ÁLGEBRA','');
    INSERT into curso (nombre, descripcion) values ('ARITMÉTICA','');
    INSERT into curso (nombre, descripcion) values ('TRIGONOMETRÍA','');
    INSERT into curso (nombre, descripcion) values ('GEOMETRÍA','5');
    INSERT into curso (nombre, descripcion) values ('FÍSICA','5');
    INSERT into curso (nombre, descripcion) values ('QUÍMICA','');
    */

-- malla (14)
-- inicial
-- 3
INSERT INTO malla (id_curso, id_grado) VALUES (1, 1);
INSERT INTO malla (id_curso, id_grado) VALUES (2, 1);
INSERT INTO malla (id_curso, id_grado) VALUES (3, 1);
INSERT INTO malla (id_curso, id_grado) VALUES (4, 1);
INSERT INTO malla (id_curso, id_grado) VALUES (5, 1);
INSERT INTO malla (id_curso, id_grado) VALUES (6, 1);
-- 4
INSERT INTO malla (id_curso, id_grado) VALUES (1, 2);
INSERT INTO malla (id_curso, id_grado) VALUES (2, 2);
INSERT INTO malla (id_curso, id_grado) VALUES (3, 2);
INSERT INTO malla (id_curso, id_grado) VALUES (4, 2);
INSERT INTO malla (id_curso, id_grado) VALUES (5, 2);
INSERT INTO malla (id_curso, id_grado) VALUES (6, 2);
-- 5
INSERT INTO malla (id_curso, id_grado) VALUES (1, 3);
INSERT INTO malla (id_curso, id_grado) VALUES (2, 3);
INSERT INTO malla (id_curso, id_grado) VALUES (3, 3);
INSERT INTO malla (id_curso, id_grado) VALUES (4, 3);
INSERT INTO malla (id_curso, id_grado) VALUES (5, 3);
INSERT INTO malla (id_curso, id_grado) VALUES (6, 3);
-- primaria
-- 1
INSERT INTO malla (id_curso, id_grado) VALUES (7, 4);
INSERT INTO malla (id_curso, id_grado) VALUES (8, 4);
INSERT INTO malla (id_curso, id_grado) VALUES (9, 4);
INSERT INTO malla (id_curso, id_grado) VALUES (10, 4);
INSERT INTO malla (id_curso, id_grado) VALUES (11, 4);
INSERT INTO malla (id_curso, id_grado) VALUES (12, 4);
INSERT INTO malla (id_curso, id_grado) VALUES (13, 4);
INSERT INTO malla (id_curso, id_grado) VALUES (14, 4);
-- 2
INSERT INTO malla (id_curso, id_grado) VALUES (7, 5);
INSERT INTO malla (id_curso, id_grado) VALUES (8, 5);
INSERT INTO malla (id_curso, id_grado) VALUES (9, 5);
INSERT INTO malla (id_curso, id_grado) VALUES (10, 5);
INSERT INTO malla (id_curso, id_grado) VALUES (11, 5);
INSERT INTO malla (id_curso, id_grado) VALUES (12, 5);
INSERT INTO malla (id_curso, id_grado) VALUES (13, 5);
INSERT INTO malla (id_curso, id_grado) VALUES (14, 5);
-- 3
INSERT INTO malla (id_curso, id_grado) VALUES (7, 6);
INSERT INTO malla (id_curso, id_grado) VALUES (8, 6);
INSERT INTO malla (id_curso, id_grado) VALUES (9, 6);
INSERT INTO malla (id_curso, id_grado) VALUES (10, 6);
INSERT INTO malla (id_curso, id_grado) VALUES (11, 6);
INSERT INTO malla (id_curso, id_grado) VALUES (12, 6);
INSERT INTO malla (id_curso, id_grado) VALUES (13, 6);
INSERT INTO malla (id_curso, id_grado) VALUES (14, 6);
-- 4
INSERT INTO malla (id_curso, id_grado) VALUES (7, 7);
INSERT INTO malla (id_curso, id_grado) VALUES (8, 7);
INSERT INTO malla (id_curso, id_grado) VALUES (9, 7);
INSERT INTO malla (id_curso, id_grado) VALUES (10, 7);
INSERT INTO malla (id_curso, id_grado) VALUES (11, 7);
INSERT INTO malla (id_curso, id_grado) VALUES (12, 7);
INSERT INTO malla (id_curso, id_grado) VALUES (13, 7);
INSERT INTO malla (id_curso, id_grado) VALUES (14, 7);
-- 5
INSERT INTO malla (id_curso, id_grado) VALUES (7, 8);
INSERT INTO malla (id_curso, id_grado) VALUES (8, 8);
INSERT INTO malla (id_curso, id_grado) VALUES (9, 8);
INSERT INTO malla (id_curso, id_grado) VALUES (10, 8);
INSERT INTO malla (id_curso, id_grado) VALUES (11, 8);
INSERT INTO malla (id_curso, id_grado) VALUES (12, 8);
INSERT INTO malla (id_curso, id_grado) VALUES (13, 8);
INSERT INTO malla (id_curso, id_grado) VALUES (14, 8);
-- 6
INSERT INTO malla (id_curso, id_grado) VALUES (7, 9);
INSERT INTO malla (id_curso, id_grado) VALUES (8, 9);
INSERT INTO malla (id_curso, id_grado) VALUES (9, 9);
INSERT INTO malla (id_curso, id_grado) VALUES (10, 9);
INSERT INTO malla (id_curso, id_grado) VALUES (11, 9);
INSERT INTO malla (id_curso, id_grado) VALUES (12, 9);
INSERT INTO malla (id_curso, id_grado) VALUES (13, 9);
INSERT INTO malla (id_curso, id_grado) VALUES (14, 9);
-- secundaria
-- 1
INSERT INTO malla (id_curso, id_grado) VALUES (15, 10);
INSERT INTO malla (id_curso, id_grado) VALUES (16, 10);
INSERT INTO malla (id_curso, id_grado) VALUES (17, 10);
INSERT INTO malla (id_curso, id_grado) VALUES (18, 10);
INSERT INTO malla (id_curso, id_grado) VALUES (19, 10);
INSERT INTO malla (id_curso, id_grado) VALUES (20, 10);
INSERT INTO malla (id_curso, id_grado) VALUES (21, 10);
INSERT INTO malla (id_curso, id_grado) VALUES (22, 10);
INSERT INTO malla (id_curso, id_grado) VALUES (23, 10);
INSERT INTO malla (id_curso, id_grado) VALUES (24, 10);
INSERT INTO malla (id_curso, id_grado) VALUES (25, 10);
INSERT INTO malla (id_curso, id_grado) VALUES (26, 10);
-- 2
INSERT INTO malla (id_curso, id_grado) VALUES (15, 11);
INSERT INTO malla (id_curso, id_grado) VALUES (16, 11);
INSERT INTO malla (id_curso, id_grado) VALUES (17, 11);
INSERT INTO malla (id_curso, id_grado) VALUES (18, 11);
INSERT INTO malla (id_curso, id_grado) VALUES (19, 11);
INSERT INTO malla (id_curso, id_grado) VALUES (20, 11);
INSERT INTO malla (id_curso, id_grado) VALUES (21, 11);
INSERT INTO malla (id_curso, id_grado) VALUES (22, 11);
INSERT INTO malla (id_curso, id_grado) VALUES (23, 11);
INSERT INTO malla (id_curso, id_grado) VALUES (24, 11);
INSERT INTO malla (id_curso, id_grado) VALUES (25, 11);
INSERT INTO malla (id_curso, id_grado) VALUES (26, 11);
-- 3
INSERT INTO malla (id_curso, id_grado) VALUES (15, 12);
INSERT INTO malla (id_curso, id_grado) VALUES (16, 12);
INSERT INTO malla (id_curso, id_grado) VALUES (17, 12);
INSERT INTO malla (id_curso, id_grado) VALUES (18, 12);
INSERT INTO malla (id_curso, id_grado) VALUES (19, 12);
INSERT INTO malla (id_curso, id_grado) VALUES (20, 12);
INSERT INTO malla (id_curso, id_grado) VALUES (21, 12);
INSERT INTO malla (id_curso, id_grado) VALUES (22, 12);
INSERT INTO malla (id_curso, id_grado) VALUES (23, 12);
INSERT INTO malla (id_curso, id_grado) VALUES (24, 12);
INSERT INTO malla (id_curso, id_grado) VALUES (25, 12);
INSERT INTO malla (id_curso, id_grado) VALUES (26, 12);
-- 4
INSERT INTO malla (id_curso, id_grado) VALUES (15, 13);
INSERT INTO malla (id_curso, id_grado) VALUES (16, 13);
INSERT INTO malla (id_curso, id_grado) VALUES (17, 13);
INSERT INTO malla (id_curso, id_grado) VALUES (18, 13);
INSERT INTO malla (id_curso, id_grado) VALUES (19, 13);
INSERT INTO malla (id_curso, id_grado) VALUES (20, 13);
INSERT INTO malla (id_curso, id_grado) VALUES (21, 13);
INSERT INTO malla (id_curso, id_grado) VALUES (22, 13);
INSERT INTO malla (id_curso, id_grado) VALUES (23, 13);
INSERT INTO malla (id_curso, id_grado) VALUES (24, 13);
INSERT INTO malla (id_curso, id_grado) VALUES (25, 13);
INSERT INTO malla (id_curso, id_grado) VALUES (26, 13);
-- 5
INSERT INTO malla (id_curso, id_grado) VALUES (15, 14);
INSERT INTO malla (id_curso, id_grado) VALUES (16, 14);
INSERT INTO malla (id_curso, id_grado) VALUES (17, 14);
INSERT INTO malla (id_curso, id_grado) VALUES (18, 14);
INSERT INTO malla (id_curso, id_grado) VALUES (19, 14);
INSERT INTO malla (id_curso, id_grado) VALUES (20, 14);
INSERT INTO malla (id_curso, id_grado) VALUES (21, 14);
INSERT INTO malla (id_curso, id_grado) VALUES (22, 14);
INSERT INTO malla (id_curso, id_grado) VALUES (23, 14);
INSERT INTO malla (id_curso, id_grado) VALUES (24, 14);
INSERT INTO malla (id_curso, id_grado) VALUES (25, 14);
INSERT INTO malla (id_curso, id_grado) VALUES (26, 14);

-- horario_cabecera
/* -- no lo he actualizado todavía
INSERT INTO horario_cabecera (id_trabajador, estado, id_seccion) VALUES (2,1,40);
*/
-- horario_detalle ()
/* -- no lo he actualizado todavía
INSERT INTO horario_detalle (fecha, dia, hora_inicio, hora_fin, id_curso, id_horario_cabecera) VALUES ('2020-08-07','LUNES','7:00:00','9:15:00',17,1);
INSERT INTO horario_detalle (fecha, dia, hora_inicio, hora_fin, id_curso, id_horario_cabecera) VALUES ('2020-08-07','LUNES','10:00:00','11:30:00',4,1);
INSERT INTO horario_detalle (fecha, dia, hora_inicio, hora_fin, id_curso, id_horario_cabecera) VALUES ('2020-08-08','MARTES','7:00:00','9:15:00',34,1);
INSERT INTO horario_detalle (fecha, dia, hora_inicio, hora_fin, id_curso, id_horario_cabecera) VALUES ('2020-08-08','MARTES','10:00:00','12:15:00',32,1);
INSERT INTO horario_detalle (fecha, dia, hora_inicio, hora_fin, id_curso, id_horario_cabecera) VALUES ('2020-08-09','MIÉRCOLES','7:00:00','8:30:00',24,1);
INSERT INTO horario_detalle (fecha, dia, hora_inicio, hora_fin, id_curso, id_horario_cabecera) VALUES ('2020-08-09','MIÉRCOLES','8:30:00','9:15:00',26,1);
INSERT INTO horario_detalle (fecha, dia, hora_inicio, hora_fin, id_curso, id_horario_cabecera) VALUES ('2020-08-09','MIÉRCOLES','10:00:00','11:30:00',21,1);
INSERT INTO horario_detalle (fecha, dia, hora_inicio, hora_fin, id_curso, id_horario_cabecera) VALUES ('2020-08-10','JUEVES','7:00:00','8:30:00',34,1);
INSERT INTO horario_detalle (fecha, dia, hora_inicio, hora_fin, id_curso, id_horario_cabecera) VALUES ('2020-08-10','JUEVES','8:30:00','9:15:00',25,1);
INSERT INTO horario_detalle (fecha, dia, hora_inicio, hora_fin, id_curso, id_horario_cabecera) VALUES ('2020-08-10','JUEVES','10:00:00','11:30:00',29,1);
INSERT INTO horario_detalle (fecha, dia, hora_inicio, hora_fin, id_curso, id_horario_cabecera) VALUES ('2020-08-11','VIERNES','7:00:00','9:15:00',33,1);
INSERT INTO horario_detalle (fecha, dia, hora_inicio, hora_fin, id_curso, id_horario_cabecera) VALUES ('2020-08-11','VIERNES','10:00:00','11:30:00',22,1);
*/
		
-- nota ()
-- 87341016 - 5to A (cursos 15-26)
insert into nota (id_curso, nota_1, nota_2, nota_3, promedio, fecha, dni_estudiante) values (15, 2, 17, 10, null, '2020-12-10', 87341016);
insert into nota (id_curso, nota_1, nota_2, nota_3, promedio, fecha, dni_estudiante) values (16, 18, 16, 9, null, '2020-12-10', 87341016);
insert into nota (id_curso, nota_1, nota_2, nota_3, promedio, fecha, dni_estudiante) values (17, 2, 3, 19, null, '2020-12-10', 87341016);
insert into nota (id_curso, nota_1, nota_2, nota_3, promedio, fecha, dni_estudiante) values (18, 11, 4, 6, null, '2020-12-10', 87341016);
insert into nota (id_curso, nota_1, nota_2, nota_3, promedio, fecha, dni_estudiante) values (19, 12, 9, 6, null, '2020-12-10', 87341016);
insert into nota (id_curso, nota_1, nota_2, nota_3, promedio, fecha, dni_estudiante) values (20, 2, 6, 15, null, '2020-12-10', 87341016);
insert into nota (id_curso, nota_1, nota_2, nota_3, promedio, fecha, dni_estudiante) values (21, 6, 16, 9, null, '2020-12-10', 87341016);
insert into nota (id_curso, nota_1, nota_2, nota_3, promedio, fecha, dni_estudiante) values (22, 12, 7, 11, null, '2020-12-10', 87341016);
insert into nota (id_curso, nota_1, nota_2, nota_3, promedio, fecha, dni_estudiante) values (23, 17, 3, 13, null, '2020-12-10', 87341016);
insert into nota (id_curso, nota_1, nota_2, nota_3, promedio, fecha, dni_estudiante) values (24, 17, 19, 10, null, '2020-12-10', 87341016);
insert into nota (id_curso, nota_1, nota_2, nota_3, promedio, fecha, dni_estudiante) values (25, 20, 14, 2, null, '2020-12-10', 87341016);
insert into nota (id_curso, nota_1, nota_2, nota_3, promedio, fecha, dni_estudiante) values (26, 17, 18, 15, null, '2020-12-10', 87341016);
-- 87341016 - 4to A (cursos 15-26)
insert into nota (id_curso, nota_1, nota_2, nota_3, promedio, fecha, dni_estudiante) values (15, 0, 1, 5, null, '2019-12-10', 87341016);
insert into nota (id_curso, nota_1, nota_2, nota_3, promedio, fecha, dni_estudiante) values (16, 13, 13, 4, null, '2019-12-10', 87341016);
insert into nota (id_curso, nota_1, nota_2, nota_3, promedio, fecha, dni_estudiante) values (17, 14, 15, 11, null, '2019-12-10', 87341016);
insert into nota (id_curso, nota_1, nota_2, nota_3, promedio, fecha, dni_estudiante) values (18, 6, 18, 9, null, '2019-12-10', 87341016);
insert into nota (id_curso, nota_1, nota_2, nota_3, promedio, fecha, dni_estudiante) values (19, 16, 11, 15, null, '2019-12-10', 87341016);
insert into nota (id_curso, nota_1, nota_2, nota_3, promedio, fecha, dni_estudiante) values (20, 17, 11, 5, null, '2019-12-10', 87341016);
insert into nota (id_curso, nota_1, nota_2, nota_3, promedio, fecha, dni_estudiante) values (21, 7, 20, 1, null, '2019-12-10', 87341016);
insert into nota (id_curso, nota_1, nota_2, nota_3, promedio, fecha, dni_estudiante) values (22, 1, 2, 10, null, '2019-12-10', 87341016);
insert into nota (id_curso, nota_1, nota_2, nota_3, promedio, fecha, dni_estudiante) values (23, 12, 16, 4, null, '2019-12-10', 87341016);
insert into nota (id_curso, nota_1, nota_2, nota_3, promedio, fecha, dni_estudiante) values (24, 0, 17, 1, null, '2019-12-10', 87341016);
insert into nota (id_curso, nota_1, nota_2, nota_3, promedio, fecha, dni_estudiante) values (25, 9, 3, 2, null, '2019-12-10', 87341016);
insert into nota (id_curso, nota_1, nota_2, nota_3, promedio, fecha, dni_estudiante) values (26, 9, 19, 20, null, '2019-12-10', 87341016);

-- asistencia ()
/*
INSERT INTO asistencia (dni_estudiante, estado, hora_asistencia, id_horario_detalle) VALUES (15,'7:03:00',1,1);
*/

-- justificion ()
-- citaciones ()
-- permisos ()
-- comunicados ()

